,"访问时间","地域","来源","入口页面","搜索词","访问IP","访客标识码","访问时长","访问页数","最后停留在","上一次访问时间","访问类型","访问频次","操作系统","网络服务商","浏览器","语言环境","屏幕分辨率","屏幕颜色","Flash版本","是否支持Cookie","是否支持JAVA","打开时间","停留时长","页面地址"
您在使用百度统计服务过程中看到搜索词或者关键词，仅能用于站长的SEO或SEM优化，不得用于其他商业用途或者不正当用途。
"1","2023/06/15 16:53:39","常州","直接访问","http://lingdu_dou.gitee.io/vuepress-lingdu-v2/docs/boke","--","220.196.160.61","5479939170211775950","正在访问s","2","http://lingdu_dou.gitee.io/vuepress-lingdu-v2","首次访问","新访客","1","Win 7","联通","QQ浏览器","中文(简体)","1280x800","24-bit","","支持","不支持","16:53:39","正在访问","http://lingdu_dou.gitee.io/vuepress-lingdu-v2"
"2","2023/06/15 16:42:47","合肥","直接访问","http://lingdu_dou.gitee.io/vuepress-lingdu-v2/statstics/#%E7%BD%91%E7%AB%99%E6%B5%8F%E8%A7%88%E6%95%B0%E6%8D%AE","--","60.166.100.75","2123315922450136524","42s","2","http://lingdu_dou.gitee.io/vuepress-lingdu-v2","2023/06/15 14:44:14","老访客","4","Win 10","电信","Google Chrome","中文(简体)","","24-bit","","支持","不支持","16:42:47","42s","http://lingdu_dou.gitee.io/vuepress-lingdu-v2/statstics/#%E7%BD%91%E7%AB%99%E6%B5%8F%E8%A7%88%E6%95%B0%E6%8D%AE"
,,,,,,,,,,,,,,,,,,,,,,,"16:43:29","正在访问","http://lingdu_dou.gitee.io/vuepress-lingdu-v2"
"3","2023/06/15 14:44:14","合肥","直接访问","http://lingdu_dou.gitee.io/vuepress-lingdu-v2/statstics/#%E7%BD%91%E7%AB%99%E6%B5%8F%E8%A7%88%E6%95%B0%E6%8D%AE","--","60.166.100.75","2123315922450136524","120s","1","http://lingdu_dou.gitee.io/vuepress-lingdu-v2/statstics/#%E7%BD%91%E7%AB%99%E6%B5%8F%E8%A7%88%E6%95%B0%E6%8D%AE","2023/06/15 10:30:57","老访客","3","Win 10","电信","Google Chrome","中文(简体)","","24-bit","","支持","不支持","14:44:14","120s","http://lingdu_dou.gitee.io/vuepress-lingdu-v2/statstics/#%E7%BD%91%E7%AB%99%E6%B5%8F%E8%A7%88%E6%95%B0%E6%8D%AE"
"4","2023/06/15 10:30:57","合肥","直接访问","http://lingdu_dou.gitee.io/vuepress-lingdu-v2/statstics/#%E7%BD%91%E7%AB%99%E6%B5%8F%E8%A7%88%E6%95%B0%E6%8D%AE","--","60.166.100.75","2123315922450136524","1317s","1","http://lingdu_dou.gitee.io/vuepress-lingdu-v2/statstics/#%E7%BD%91%E7%AB%99%E6%B5%8F%E8%A7%88%E6%95%B0%E6%8D%AE","2023/06/15 08:36:37","老访客","2","Win 10","电信","Google Chrome","中文(简体)","","24-bit","","支持","不支持","10:30:57","1317s","http://lingdu_dou.gitee.io/vuepress-lingdu-v2/statstics/#%E7%BD%91%E7%AB%99%E6%B5%8F%E8%A7%88%E6%95%B0%E6%8D%AE"
"5","2023/06/15 08:36:37","合肥","直接访问","http://lingdu_dou.gitee.io/vuepress-lingdu-v2","--","60.166.100.75","2123315922450136524","3663s","3","http://lingdu_dou.gitee.io/vuepress-lingdu-v2/statstics/#%E7%BD%91%E7%AB%99%E6%B5%8F%E8%A7%88%E6%95%B0%E6%8D%AE","2023/06/15 08:36:36","老访客","1","Win 10","电信","Google Chrome","中文(简体)","","24-bit","","支持","不支持","08:36:37","754s","http://lingdu_dou.gitee.io/vuepress-lingdu-v2"
,,,,,,,,,,,,,,,,,,,,,,,"08:49:11","670s","http://lingdu_dou.gitee.io/vuepress-lingdu-v2/statstics"
,,,,,,,,,,,,,,,,,,,,,,,"09:09:22","1698s","http://lingdu_dou.gitee.io/vuepress-lingdu-v2/statstics/#%E7%BD%91%E7%AB%99%E6%B5%8F%E8%A7%88%E6%95%B0%E6%8D%AE"
"6","2023/06/14 21:39:05","北京","直接访问","http://lingdu_dou.gitee.io/vuepress-lingdu-v2","--","36.159.241.20","1745404280090749276","未知","1","http://lingdu_dou.gitee.io/vuepress-lingdu-v2","2023/05/29 17:02:10","老访客","1","Android 13.0","","微信浏览器","中文(简体)","","24-bit","","支持","不支持","2023-06-14 21:39:05","未知","http://lingdu_dou.gitee.io/vuepress-lingdu-v2"
"7","2023/06/14 21:31:42","北京","直接访问","http://lingdu_dou.gitee.io/vuepress-lingdu-v2","--","36.159.241.20","1899763742588940568","94s","1","http://lingdu_dou.gitee.io/vuepress-lingdu-v2","2023/05/29 19:06:04","老访客","1","Android 12.0","","微信浏览器","中文(简体)","","24-bit","","支持","不支持","2023-06-14 21:31:42","94s","http://lingdu_dou.gitee.io/vuepress-lingdu-v2"
"8","2023/06/14 18:08:35","合肥","直接访问","http://lingdu_dou.gitee.io/vuepress-lingdu-v2","--","60.166.103.35","2123315922450136524","6s","1","http://lingdu_dou.gitee.io/vuepress-lingdu-v2","2023/06/14 15:07:43","老访客","4","Win 10","电信","Google Chrome","中文(简体)","","24-bit","","支持","不支持","2023-06-14 18:08:35","6s","http://lingdu_dou.gitee.io/vuepress-lingdu-v2"
"9","2023/06/14 15:07:43","合肥","直接访问","http://lingdu_dou.gitee.io/vuepress-lingdu-v2/bookmark","--","60.166.103.35","2123315922450136524","1600s","1","http://lingdu_dou.gitee.io/vuepress-lingdu-v2/bookmark","2023/06/14 11:45:34","老访客","3","Win 10","电信","Google Chrome","中文(简体)","","24-bit","","支持","不支持","2023-06-14 15:07:43","1600s","http://lingdu_dou.gitee.io/vuepress-lingdu-v2/bookmark"
"10","2023/06/14 11:45:34","合肥","直接访问","http://lingdu_dou.gitee.io/vuepress-lingdu-v2/bookmark","--","60.166.103.35","2123315922450136524","120s","1","http://lingdu_dou.gitee.io/vuepress-lingdu-v2/bookmark","2023/06/14 09:07:36","老访客","2","Win 10","电信","Google Chrome","中文(简体)","","24-bit","","支持","不支持","2023-06-14 11:45:34","120s","http://lingdu_dou.gitee.io/vuepress-lingdu-v2/bookmark"
"11","2023/06/14 09:07:36","合肥","直接访问","http://lingdu_dou.gitee.io/vuepress-lingdu-v2","--","60.166.103.35","2123315922450136524","55s","2","http://lingdu_dou.gitee.io/vuepress-lingdu-v2","2023/06/14 09:07:36","老访客","1","Win 10","电信","Google Chrome","中文(简体)","","24-bit","","支持","不支持","2023-06-14 09:07:36","27s","http://lingdu_dou.gitee.io/vuepress-lingdu-v2"
,,,,,,,,,,,,,,,,,,,,,,,"2023-06-14 09:08:04","27s","http://lingdu_dou.gitee.io/vuepress-lingdu-v2"
"12","2023/06/13 19:53:22","北京","直接访问","http://lingdu_dou.gitee.io/vuepress-lingdu-v2","--","36.159.241.20","1867144783964118264","411s","4","http://lingdu_dou.gitee.io/vuepress-lingdu-v2/docs/me/career/zhfxx","2023/06/13 19:53:22","老访客","1","Win 10","","Google Chrome","中文(简体)","1920x1080","24-bit","","支持","不支持","2023-06-13 19:53:22","120s","http://lingdu_dou.gitee.io/vuepress-lingdu-v2"
,,,,,,,,,,,,,,,,,,,,,,,"2023-06-13 19:55:23","97s","http://lingdu_dou.gitee.io/vuepress-lingdu-v2"
,,,,,,,,,,,,,,,,,,,,,,,"2023-06-13 19:57:01","90s","http://lingdu_dou.gitee.io/vuepress-lingdu-v2/statstics"
,,,,,,,,,,,,,,,,,,,,,,,"2023-06-13 19:58:31","102s","http://lingdu_dou.gitee.io/vuepress-lingdu-v2/docs/me/career/zhfxx"
"13","2023/06/13 18:48:04","上海","直接访问","http://lingdu_dou.gitee.io/vuepress-lingdu-v2","--","43.247.101.202","2107241637862461404","120s","1","http://lingdu_dou.gitee.io/vuepress-lingdu-v2","首次访问","新访客","1","macOS","","Google Chrome","中文(简体)","1440x900","","","支持","不支持","2023-06-13 18:48:04","120s","http://lingdu_dou.gitee.io/vuepress-lingdu-v2"
"14","2023/06/13 17:44:51","合肥","直接访问","http://lingdu_dou.gitee.io/vuepress-lingdu-v2/bookmark","--","60.166.103.35","2123315922450136524","1287s","12","http://lingdu_dou.gitee.io/vuepress-lingdu-v2","2023/06/13 13:44:18","老访客","4","Win 10","电信","Google Chrome","中文(简体)","","24-bit","","支持","不支持","2023-06-13 17:44:51","5s","http://lingdu_dou.gitee.io/vuepress-lingdu-v2/bookmark"
,,,,,,,,,,,,,,,,,,,,,,,"2023-06-13 17:44:57","72s","http://lingdu_dou.gitee.io/vuepress-lingdu-v2/bookmark"
,,,,,,,,,,,,,,,,,,,,,,,"2023-06-13 17:46:09","4s","http://lingdu_dou.gitee.io/vuepress-lingdu-v2/bookmark"
,,,,,,,,,,,,,,,,,,,,,,,"2023-06-13 17:46:14","52s","http://lingdu_dou.gitee.io/vuepress-lingdu-v2/bookmark"
,,,,,,,,,,,,,,,,,,,,,,,"2023-06-13 17:47:06","12s","http://lingdu_dou.gitee.io/vuepress-lingdu-v2"
,,,,,,,,,,,,,,,,,,,,,,,"2023-06-13 17:47:18","8s","http://lingdu_dou.gitee.io/vuepress-lingdu-v2"
,,,,,,,,,,,,,,,,,,,,,,,"2023-06-13 17:47:27","62s","http://lingdu_dou.gitee.io/vuepress-lingdu-v2"
,,,,,,,,,,,,,,,,,,,,,,,"2023-06-13 17:48:29","655s","http://lingdu_dou.gitee.io/vuepress-lingdu-v2"
,,,,,,,,,,,,,,,,,,,,,,,"2023-06-13 17:59:24","12s","http://lingdu_dou.gitee.io/vuepress-lingdu-v2"
,,,,,,,,,,,,,,,,,,,,,,,"2023-06-13 17:59:37","376s","http://lingdu_dou.gitee.io/vuepress-lingdu-v2"
,,,,,,,,,,,,,,,,,,,,,,,"2023-06-13 18:05:55","8s","http://lingdu_dou.gitee.io/vuepress-lingdu-v2"
,,,,,,,,,,,,,,,,,,,,,,,"2023-06-13 18:06:04","14s","http://lingdu_dou.gitee.io/vuepress-lingdu-v2"
"15","2023/06/13 13:44:18","合肥","直接访问","http://lingdu_dou.gitee.io/vuepress-lingdu-v2/bookmark","--","60.166.103.35","2123315922450136524","16s","4","http://lingdu_dou.gitee.io/vuepress-lingdu-v2","2023/06/13 10:58:36","老访客","3","Win 10","电信","Google Chrome","中文(简体)","","24-bit","","支持","不支持","2023-06-13 13:44:18","3s","http://lingdu_dou.gitee.io/vuepress-lingdu-v2/bookmark"
,,,,,,,,,,,,,,,,,,,,,,,"2023-06-13 13:44:21","44s","http://lingdu_dou.gitee.io/vuepress-lingdu-v2"
,,,,,,,,,,,,,,,,,,,,,,,"2023-06-13 13:44:24","1s","http://lingdu_dou.gitee.io/vuepress-lingdu-v2"
,,,,,,,,,,,,,,,,,,,,,,,"2023-06-13 13:44:31","3s","http://lingdu_dou.gitee.io/vuepress-lingdu-v2"
"16","2023/06/13 11:08:51","合肥","直接访问","http://lingdu_dou.gitee.io/vuepress-lingdu-v2","--","220.205.225.143","1745404280090749276","120s","1","http://lingdu_dou.gitee.io/vuepress-lingdu-v2","2023/05/29 17:02:10","老访客","1","Android 13.0","联通","微信浏览器","中文(简体)","","24-bit","","支持","不支持","2023-06-13 11:08:51","120s","http://lingdu_dou.gitee.io/vuepress-lingdu-v2"
"17","2023/06/13 10:58:36","合肥","直接访问","http://lingdu_dou.gitee.io/vuepress-lingdu-v2/bookmark","--","60.166.103.35","2123315922450136524","1332s","1","http://lingdu_dou.gitee.io/vuepress-lingdu-v2/bookmark","2023/06/13 09:32:46","老访客","2","Win 10","电信","Google Chrome","中文(简体)","","24-bit","","支持","不支持","2023-06-13 10:58:36","1332s","http://lingdu_dou.gitee.io/vuepress-lingdu-v2/bookmark"
"18","2023/06/13 09:32:46","合肥","直接访问","http://lingdu_dou.gitee.io/vuepress-lingdu-v2","--","60.166.103.35","2123315922450136524","19s","2","http://lingdu_dou.gitee.io/vuepress-lingdu-v2","2023/06/13 09:32:46","老访客","1","Win 10","电信","Google Chrome","中文(简体)","","24-bit","","支持","不支持","2023-06-13 09:32:46","9s","http://lingdu_dou.gitee.io/vuepress-lingdu-v2"
,,,,,,,,,,,,,,,,,,,,,,,"2023-06-13 09:32:56","9s","http://lingdu_dou.gitee.io/vuepress-lingdu-v2"
"19","2023/06/12 22:43:05","北京","直接访问","http://lingdu_dou.gitee.io/vuepress-lingdu-v2","--","36.159.241.20","1745404280090749276","444s","2","http://lingdu_dou.gitee.io/vuepress-lingdu-v2/docs/me/jiban/qiu/recall/qiu","2023/06/12 18:22:50","老访客","2","Android 13.0","","微信浏览器","中文(简体)","","24-bit","","支持","不支持","2023-06-12 22:43:05","444s","http://lingdu_dou.gitee.io/vuepress-lingdu-v2"
,,,,,,,,,,,,,,,,,,,,,,,"2023-06-12 22:50:29","未知","http://lingdu_dou.gitee.io/vuepress-lingdu-v2/docs/me/jiban/qiu/recall/qiu"
"20","2023/06/12 19:40:00","北京","直接访问","http://lingdu_dou.gitee.io/vuepress-lingdu-v2","--","36.159.241.20","2123315922450136524","1534s","1","http://lingdu_dou.gitee.io/vuepress-lingdu-v2","2023/06/12 18:04:07","老访客","9","Win 10","","Google Chrome","中文(简体)","","24-bit","","支持","不支持","2023-06-12 19:40:00","1534s","http://lingdu_dou.gitee.io/vuepress-lingdu-v2"
"21","2023/06/12 18:22:50","合肥","直接访问","http://lingdu_dou.gitee.io/vuepress-lingdu-v2","--","220.205.225.178","1745404280090749276","120s","1","http://lingdu_dou.gitee.io/vuepress-lingdu-v2","2023/05/29 17:02:10","老访客","1","Android 13.0","联通","微信浏览器","中文(简体)","","24-bit","","支持","不支持","2023-06-12 18:22:50","120s","http://lingdu_dou.gitee.io/vuepress-lingdu-v2"
"22","2023/06/12 18:04:07","合肥","直接访问","http://lingdu_dou.gitee.io/vuepress-lingdu-v2","--","60.166.103.35","2123315922450136524","833s","4","http://lingdu_dou.gitee.io/vuepress-lingdu-v2","2023/06/12 15:02:59","老访客","8","Win 10","电信","Google Chrome","中文(简体)","","24-bit","","支持","不支持","2023-06-12 18:04:07","5s","http://lingdu_dou.gitee.io/vuepress-lingdu-v2"
,,,,,,,,,,,,,,,,,,,,,,,"2023-06-12 18:04:15","8s","http://lingdu_dou.gitee.io/vuepress-lingdu-v2"
,,,,,,,,,,,,,,,,,,,,,,,"2023-06-12 18:04:26","8s","http://lingdu_dou.gitee.io/vuepress-lingdu-v2"
,,,,,,,,,,,,,,,,,,,,,,,"2023-06-12 18:04:34","806s","http://lingdu_dou.gitee.io/vuepress-lingdu-v2"
"23","2023/06/12 15:02:59","合肥","直接访问","http://lingdu_dou.gitee.io/vuepress-lingdu-v2/bookmark","--","60.166.103.35","2123315922450136524","未知","1","http://lingdu_dou.gitee.io/vuepress-lingdu-v2/bookmark","2023/06/12 14:14:46","老访客","7","Win 10","电信","Google Chrome","中文(简体)","","24-bit","","支持","不支持","2023-06-12 15:02:59","未知","http://lingdu_dou.gitee.io/vuepress-lingdu-v2/bookmark"
"24","2023/06/12 14:14:46","合肥","http://localhost:8080","http://lingdu_dou.gitee.io/vuepress-lingdu-v2","--","60.166.103.35","2123315922450136524","100s","2","http://lingdu_dou.gitee.io/vuepress-lingdu-v2/bookmark","2023/06/12 13:50:50","老访客","6","Win 10","电信","Google Chrome","中文(简体)","","24-bit","","支持","不支持","2023-06-12 14:14:46","2s","http://lingdu_dou.gitee.io/vuepress-lingdu-v2"
,,,,,,,,,,,,,,,,,,,,,,,"2023-06-12 14:16:25","1s","http://lingdu_dou.gitee.io/vuepress-lingdu-v2/bookmark"
"25","2023/06/12 13:50:50","合肥","直接访问","http://lingdu_dou.gitee.io/vuepress-lingdu-v2/bookmark","--","60.166.103.35","2123315922450136524","1390s","1","http://lingdu_dou.gitee.io/vuepress-lingdu-v2/bookmark","2023/06/12 10:46:11","老访客","5","Win 10","电信","Google Chrome","中文(简体)","","24-bit","","支持","不支持","2023-06-12 13:50:50","1390s","http://lingdu_dou.gitee.io/vuepress-lingdu-v2/bookmark"
"26","2023/06/12 10:46:11","合肥","http://localhost:8080","http://lingdu_dou.gitee.io/vuepress-lingdu-v2","--","60.166.103.35","2123315922450136524","228s","8","http://lingdu_dou.gitee.io/vuepress-lingdu-v2","2023/06/12 10:09:06","老访客","4","Win 10","电信","Google Chrome","中文(简体)","","24-bit","","支持","不支持","2023-06-12 10:46:11","63s","http://lingdu_dou.gitee.io/vuepress-lingdu-v2"
,,,,,,,,,,,,,,,,,,,,,,,"2023-06-12 10:47:16","40s","http://lingdu_dou.gitee.io/vuepress-lingdu-v2"
,,,,,,,,,,,,,,,,,,,,,,,"2023-06-12 10:47:58","15s","http://lingdu_dou.gitee.io/vuepress-lingdu-v2"
,,,,,,,,,,,,,,,,,,,,,,,"2023-06-12 10:48:15","6s","http://lingdu_dou.gitee.io/vuepress-lingdu-v2"
,,,,,,,,,,,,,,,,,,,,,,,"2023-06-12 10:48:23","12s","http://lingdu_dou.gitee.io/vuepress-lingdu-v2"
,,,,,,,,,,,,,,,,,,,,,,,"2023-06-12 10:48:47","19s","http://lingdu_dou.gitee.io/vuepress-lingdu-v2"
,,,,,,,,,,,,,,,,,,,,,,,"2023-06-12 10:49:07","7s","http://lingdu_dou.gitee.io/vuepress-lingdu-v2"
,,,,,,,,,,,,,,,,,,,,,,,"2023-06-12 10:49:16","43s","http://lingdu_dou.gitee.io/vuepress-lingdu-v2"
"27","2023/06/12 10:09:06","合肥","http://localhost:8080","http://lingdu_dou.gitee.io/vuepress-lingdu-v2","--","60.166.103.35","2123315922450136524","13s","1","http://lingdu_dou.gitee.io/vuepress-lingdu-v2","2023/06/12 09:21:51","老访客","3","Win 10","电信","Google Chrome","中文(简体)","","24-bit","","支持","不支持","2023-06-12 10:09:06","13s","http://lingdu_dou.gitee.io/vuepress-lingdu-v2"
"28","2023/06/12 09:21:51","合肥","直接访问","http://lingdu_dou.gitee.io/vuepress-lingdu-v2","--","60.166.103.35","2123315922450136524","未知","1","http://lingdu_dou.gitee.io/vuepress-lingdu-v2","2023/06/12 06:39:36","老访客","2","Win 10","电信","Google Chrome","中文(简体)","","24-bit","","支持","不支持","2023-06-12 09:21:51","未知","http://lingdu_dou.gitee.io/vuepress-lingdu-v2"
"29","2023/06/12 06:39:36","北京","直接访问","http://lingdu_dou.gitee.io/vuepress-lingdu-v2","--","36.159.241.20","2123315922450136524","120s","1","http://lingdu_dou.gitee.io/vuepress-lingdu-v2","2023/06/12 06:39:35","老访客","1","Win 10","","Google Chrome","中文(简体)","","24-bit","","支持","不支持","2023-06-12 06:39:36","120s","http://lingdu_dou.gitee.io/vuepress-lingdu-v2"
"30","2023/06/11 10:44:22","北京","直接访问","http://lingdu_dou.gitee.io/vuepress-lingdu-v2","--","36.159.241.20","2123315922450136524","120s","1","http://lingdu_dou.gitee.io/vuepress-lingdu-v2","2023/06/11 10:44:22","老访客","1","Win 10","","Google Chrome","中文(简体)","","24-bit","","支持","不支持","2023-06-11 10:44:22","120s","http://lingdu_dou.gitee.io/vuepress-lingdu-v2"
"31","2023/06/10 10:32:02","北京","直接访问","http://lingdu_dou.gitee.io/vuepress-lingdu-v2","--","36.159.241.20","2123315922450136524","120s","1","http://lingdu_dou.gitee.io/vuepress-lingdu-v2","2023/06/10 09:58:14","老访客","3","Win 10","","Google Chrome","中文(简体)","","24-bit","","支持","不支持","2023-06-10 10:32:02","120s","http://lingdu_dou.gitee.io/vuepress-lingdu-v2"
"32","2023/06/10 09:58:14","北京","直接访问","http://lingdu_dou.gitee.io/vuepress-lingdu-v2","--","36.159.241.20","2123315922450136524","120s","1","http://lingdu_dou.gitee.io/vuepress-lingdu-v2","2023/06/10 07:11:01","老访客","2","Win 10","","Google Chrome","中文(简体)","","24-bit","","支持","不支持","2023-06-10 09:58:14","120s","http://lingdu_dou.gitee.io/vuepress-lingdu-v2"
"33","2023/06/10 07:11:01","北京","直接访问","http://lingdu_dou.gitee.io/vuepress-lingdu-v2","--","36.159.241.20","2123315922450136524","2188s","2","http://lingdu_dou.gitee.io/vuepress-lingdu-v2/bookmark","2023/06/10 07:11:01","老访客","1","Win 10","","Google Chrome","中文(简体)","","24-bit","","支持","不支持","2023-06-10 07:11:01","1094s","http://lingdu_dou.gitee.io/vuepress-lingdu-v2"
,,,,,,,,,,,,,,,,,,,,,,,"2023-06-10 07:29:15","1094s","http://lingdu_dou.gitee.io/vuepress-lingdu-v2/bookmark"
"34","2023/06/09 18:40:51","北京","直接访问","http://lingdu_dou.gitee.io/vuepress-lingdu-v2","--","36.159.241.20","2123315922450136524","1293s","5","http://lingdu_dou.gitee.io/vuepress-lingdu-v2/docs/kaifa/java/1%E7%9F%A5%E8%AF%86%E6%9E%B6%E6%9E%84.html","2023/06/09 17:55:21","老访客","8","Win 10","","Google Chrome","中文(简体)","","24-bit","","支持","不支持","2023-06-09 18:40:51","420s","http://lingdu_dou.gitee.io/vuepress-lingdu-v2"
,,,,,,,,,,,,,,,,,,,,,,,"2023-06-09 18:47:51","501s","http://lingdu_dou.gitee.io/vuepress-lingdu-v2/docs/me/jiban/qiu/recall/qiu"
,,,,,,,,,,,,,,,,,,,,,,,"2023-06-09 18:48:00","492s","http://lingdu_dou.gitee.io/vuepress-lingdu-v2/docs/me/jiban/qiu/recall/qiuzhaoxin"
,,,,,,,,,,,,,,,,,,,,,,,"2023-06-09 18:56:12","15s","http://lingdu_dou.gitee.io/vuepress-lingdu-v2/docs/kaifa/java/1%E7%9F%A5%E8%AF%86%E6%9E%B6%E6%9E%84.html"
,,,,,,,,,,,,,,,,,,,,,,,"2023-06-09 18:56:28","356s","http://lingdu_dou.gitee.io/vuepress-lingdu-v2/docs/kaifa/java/1%E7%9F%A5%E8%AF%86%E6%9E%B6%E6%9E%84.html"
"35","2023/06/09 17:55:21","合肥","直接访问","http://lingdu_dou.gitee.io/vuepress-lingdu-v2","--","60.166.103.35","2123315922450136524","763s","2","http://lingdu_dou.gitee.io/vuepress-lingdu-v2","2023/06/09 16:31:19","老访客","7","Win 10","电信","Google Chrome","中文(简体)","","24-bit","","支持","不支持","2023-06-09 17:55:21","7s","http://lingdu_dou.gitee.io/vuepress-lingdu-v2"
,,,,,,,,,,,,,,,,,,,,,,,"2023-06-09 17:55:28","756s","http://lingdu_dou.gitee.io/vuepress-lingdu-v2"
"36","2023/06/09 16:31:19","合肥","直接访问","http://lingdu_dou.gitee.io/vuepress-lingdu-v2","--","60.166.103.35","2123315922450136524","288s","3","http://lingdu_dou.gitee.io/vuepress-lingdu-v2","2023/06/09 15:18:16","老访客","6","Win 10","电信","Google Chrome","中文(简体)","","24-bit","","支持","不支持","2023-06-09 16:31:19","189s","http://lingdu_dou.gitee.io/vuepress-lingdu-v2"
,,,,,,,,,,,,,,,,,,,,,,,"2023-06-09 16:34:28","4s","http://lingdu_dou.gitee.io/vuepress-lingdu-v2"
,,,,,,,,,,,,,,,,,,,,,,,"2023-06-09 16:34:32","95s","http://lingdu_dou.gitee.io/vuepress-lingdu-v2"
"37","2023/06/09 15:18:16","合肥","直接访问","http://lingdu_dou.gitee.io/vuepress-lingdu-v2","--","60.166.103.35","2123315922450136524","8s","2","http://lingdu_dou.gitee.io/vuepress-lingdu-v2","2023/06/09 14:11:20","老访客","5","Win 10","电信","Google Chrome","中文(简体)","","24-bit","","支持","不支持","2023-06-09 15:18:16","4s","http://lingdu_dou.gitee.io/vuepress-lingdu-v2"
,,,,,,,,,,,,,,,,,,,,,,,"2023-06-09 15:18:20","4s","http://lingdu_dou.gitee.io/vuepress-lingdu-v2"
"38","2023/06/09 14:11:20","合肥","直接访问","http://lingdu_dou.gitee.io/vuepress-lingdu-v2","--","60.166.103.35","2123315922450136524","未知","1","http://lingdu_dou.gitee.io/vuepress-lingdu-v2","2023/06/09 10:56:58","老访客","4","Win 10","电信","Google Chrome","中文(简体)","","24-bit","","支持","不支持","2023-06-09 14:11:20","未知","http://lingdu_dou.gitee.io/vuepress-lingdu-v2"
"39","2023/06/09 10:56:58","合肥","直接访问","http://lingdu_dou.gitee.io/vuepress-lingdu-v2","--","60.166.103.35","2123315922450136524","120s","1","http://lingdu_dou.gitee.io/vuepress-lingdu-v2","2023/06/09 09:40:02","老访客","3","Win 10","电信","Google Chrome","中文(简体)","","24-bit","","支持","不支持","2023-06-09 10:56:58","120s","http://lingdu_dou.gitee.io/vuepress-lingdu-v2"
"40","2023/06/09 09:40:02","合肥","直接访问","http://lingdu_dou.gitee.io/vuepress-lingdu-v2/bookmark","--","60.166.103.35","2123315922450136524","498s","2","http://lingdu_dou.gitee.io/vuepress-lingdu-v2/bookmark","2023/06/09 08:38:27","老访客","2","Win 10","电信","Google Chrome","中文(简体)","","24-bit","","支持","不支持","2023-06-09 09:40:02","249s","http://lingdu_dou.gitee.io/vuepress-lingdu-v2/bookmark"
,,,,,,,,,,,,,,,,,,,,,,,"2023-06-09 09:44:12","248s","http://lingdu_dou.gitee.io/vuepress-lingdu-v2/bookmark"
"41","2023/06/09 08:38:51","合肥","直接访问","http://lingdu_dou.gitee.io/vuepress-lingdu-v2","--","60.166.103.35","1733655035979023096","未知","1","http://lingdu_dou.gitee.io/vuepress-lingdu-v2","首次访问","新访客","1","Win 10","电信","Google Chrome","中文(简体)","800x600","","","支持","不支持","2023-06-09 08:38:51","未知","http://lingdu_dou.gitee.io/vuepress-lingdu-v2"
"42","2023/06/09 08:38:27","合肥","直接访问","http://lingdu_dou.gitee.io/vuepress-lingdu-v2","--","60.166.103.35","2123315922450136524","925s","2","http://lingdu_dou.gitee.io/vuepress-lingdu-v2","2023/06/09 08:38:27","老访客","1","Win 10","电信","Google Chrome","中文(简体)","","24-bit","","支持","不支持","2023-06-09 08:38:27","925s","http://lingdu_dou.gitee.io/vuepress-lingdu-v2"
,,,,,,,,,,,,,,,,,,,,,,,"2023-06-09 08:53:52","未知","http://lingdu_dou.gitee.io/vuepress-lingdu-v2"
"43","2023/06/09 07:50:46","合肥","直接访问","http://lingdu_dou.gitee.io/vuepress-lingdu-v2","--","220.205.248.231","1745404280090749276","120s","1","http://lingdu_dou.gitee.io/vuepress-lingdu-v2","2023/05/29 17:02:10","老访客","1","Android 13.0","联通","微信浏览器","中文(简体)","","24-bit","","支持","不支持","2023-06-09 07:50:46","120s","http://lingdu_dou.gitee.io/vuepress-lingdu-v2"
"44","2023/06/08 22:13:28","北京","直接访问","http://lingdu_dou.gitee.io/vuepress-lingdu-v2","--","36.159.241.20","1899763742588940568","348s","5","http://lingdu_dou.gitee.io/vuepress-lingdu-v2/docs/me/qiuzhaoxin.html","2023/05/29 19:06:04","老访客","1","Android 12.0","","微信浏览器","中文(简体)","","24-bit","","支持","不支持","2023-06-08 22:13:28","179s","http://lingdu_dou.gitee.io/vuepress-lingdu-v2"
,,,,,,,,,,,,,,,,,,,,,,,"2023-06-08 22:16:28","242s","http://lingdu_dou.gitee.io/vuepress-lingdu-v2/space"
,,,,,,,,,,,,,,,,,,,,,,,"2023-06-08 22:16:43","227s","http://lingdu_dou.gitee.io/vuepress-lingdu-v2"
,,,,,,,,,,,,,,,,,,,,,,,"2023-06-08 22:17:22","99s","http://lingdu_dou.gitee.io/vuepress-lingdu-v2/docs/me/qiuzhaoxin.html"
,,,,,,,,,,,,,,,,,,,,,,,"2023-06-08 22:19:08","8s","http://lingdu_dou.gitee.io/vuepress-lingdu-v2/docs/me/qiuzhaoxin.html"
"45","2023/06/08 18:24:51","合肥","直接访问","http://lingdu_dou.gitee.io/vuepress-lingdu-v2/docs/me/qiuzhaoxin.html","--","220.205.252.41","1745404280090749276","120s","1","http://lingdu_dou.gitee.io/vuepress-lingdu-v2/docs/me/qiuzhaoxin.html","2023/06/08 16:21:40","老访客","4","Android 13.0","联通","微信浏览器","中文(简体)","","24-bit","","支持","不支持","2023-06-08 18:24:51","120s","http://lingdu_dou.gitee.io/vuepress-lingdu-v2/docs/me/qiuzhaoxin.html"
"46","2023/06/08 17:39:32","合肥","http://localhost:8080","http://lingdu_dou.gitee.io/vuepress-lingdu-v2","--","60.166.103.35","2123315922450136524","181s","1","http://lingdu_dou.gitee.io/vuepress-lingdu-v2","2023/06/08 17:02:43","老访客","10","Win 10","电信","Google Chrome","中文(简体)","","24-bit","","支持","不支持","2023-06-08 17:39:32","181s","http://lingdu_dou.gitee.io/vuepress-lingdu-v2"
"47","2023/06/08 17:02:43","合肥","http://localhost:8080","http://lingdu_dou.gitee.io/vuepress-lingdu-v2","--","60.166.103.35","2123315922450136524","3s","1","http://lingdu_dou.gitee.io/vuepress-lingdu-v2","2023/06/08 16:37:08","老访客","9","Win 10","电信","Google Chrome","中文(简体)","","24-bit","","支持","不支持","2023-06-08 17:02:43","3s","http://lingdu_dou.gitee.io/vuepress-lingdu-v2"
"48","2023/06/08 16:37:08","合肥","直接访问","http://lingdu_dou.gitee.io/vuepress-lingdu-v2","--","60.166.103.35","2123315922450136524","未知","1","http://lingdu_dou.gitee.io/vuepress-lingdu-v2","2023/06/08 16:34:34","老访客","8","Win 10","电信","Google Chrome","中文(简体)","","24-bit","","支持","不支持","2023-06-08 16:37:08","未知","http://lingdu_dou.gitee.io/vuepress-lingdu-v2"
"49","2023/06/08 16:34:34","合肥","直接访问","https://lingdu990130556.github.io/vuepress-lingdu-v2","--","60.166.103.35","2123315922450136524","152s","2","https://lingdu990130556.github.io/vuepress-lingdu-v2","2023/06/08 16:18:28","老访客","7","Win 10","电信","Google Chrome","中文(简体)","","24-bit","","支持","不支持","2023-06-08 16:34:34","20s","https://lingdu990130556.github.io/vuepress-lingdu-v2"
,,,,,,,,,,,,,,,,,,,,,,,"2023-06-08 16:37:05","1s","https://lingdu990130556.github.io/vuepress-lingdu-v2"
"50","2023/06/08 16:21:40","合肥","直接访问","http://lingdu_dou.gitee.io/vuepress-lingdu-v2","--","60.166.103.35","1745404280090749276","93s","2","http://lingdu_dou.gitee.io/vuepress-lingdu-v2","2023/06/08 11:23:36","老访客","3","Android 13.0","电信","微信浏览器","中文(简体)","","24-bit","","支持","不支持","2023-06-08 16:21:40","47s","http://lingdu_dou.gitee.io/vuepress-lingdu-v2"
,,,,,,,,,,,,,,,,,,,,,,,"2023-06-08 16:22:27","46s","http://lingdu_dou.gitee.io/vuepress-lingdu-v2"
"51","2023/06/08 16:18:28","合肥","直接访问","http://lingdu_dou.gitee.io/vuepress-lingdu-v2/docs/me","--","60.166.103.35","2123315922450136524","958s","4","http://lingdu_dou.gitee.io/vuepress-lingdu-v2","2023/06/08 09:52:52","老访客","6","Win 10","电信","Google Chrome","中文(简体)","","24-bit","","支持","不支持","2023-06-08 16:18:28","4s","http://lingdu_dou.gitee.io/vuepress-lingdu-v2/docs/me"
,,,,,,,,,,,,,,,,,,,,,,,"2023-06-08 16:18:32","10s","http://lingdu_dou.gitee.io/vuepress-lingdu-v2/docs/me"
,,,,,,,,,,,,,,,,,,,,,,,"2023-06-08 16:18:42","944s","http://lingdu_dou.gitee.io/vuepress-lingdu-v2"
,,,,,,,,,,,,,,,,,,,,,,,"2023-06-08 16:34:26","未知","http://lingdu_dou.gitee.io/vuepress-lingdu-v2"
"52","2023/06/08 11:23:36","合肥","直接访问","http://lingdu_dou.gitee.io/vuepress-lingdu-v2","--","60.166.103.35","1745404280090749276","194s","2","http://lingdu_dou.gitee.io/vuepress-lingdu-v2","2023/06/08 08:22:02","老访客","2","Android 13.0","电信","微信浏览器","中文(简体)","","24-bit","","支持","不支持","2023-06-08 11:23:36","97s","http://lingdu_dou.gitee.io/vuepress-lingdu-v2"
,,,,,,,,,,,,,,,,,,,,,,,"2023-06-08 11:25:13","97s","http://lingdu_dou.gitee.io/vuepress-lingdu-v2"
"53","2023/06/08 09:52:52","合肥","直接访问","http://lingdu_dou.gitee.io/vuepress-lingdu-v2/docs/me/career/zhfxx","--","60.166.103.35","2123315922450136524","未知","1","http://lingdu_dou.gitee.io/vuepress-lingdu-v2/docs/me/career/zhfxx","2023/06/08 09:46:37","老访客","5","Win 10","电信","Google Chrome","中文(简体)","","24-bit","","支持","不支持","2023-06-08 09:52:52","未知","http://lingdu_dou.gitee.io/vuepress-lingdu-v2/docs/me/career/zhfxx"
"54","2023/06/08 09:46:37","合肥","直接访问","https://lingdu990130556.github.io/vuepress-lingdu-v2","--","60.166.103.35","2123315922450136524","120s","1","https://lingdu990130556.github.io/vuepress-lingdu-v2","2023/06/08 09:45:31","老访客","4","Win 10","电信","Google Chrome","中文(简体)","","24-bit","","支持","不支持","2023-06-08 09:46:37","120s","https://lingdu990130556.github.io/vuepress-lingdu-v2"
"55","2023/06/08 09:45:31","合肥","https://gitee.com/lingdu_dou/vuepress-lingdu-v2/pages","http://lingdu_dou.gitee.io/vuepress-lingdu-v2","--","60.166.103.35","2123315922450136524","59s","2","http://lingdu_dou.gitee.io/vuepress-lingdu-v2/bookmark/#chatgpt","2023/06/08 09:38:30","老访客","3","Win 10","电信","Google Chrome","中文(简体)","","24-bit","","支持","不支持","2023-06-08 09:45:31","59s","http://lingdu_dou.gitee.io/vuepress-lingdu-v2"
,,,,,,,,,,,,,,,,,,,,,,,"2023-06-08 09:46:30","未知","http://lingdu_dou.gitee.io/vuepress-lingdu-v2/bookmark/#chatgpt"
"56","2023/06/08 09:38:30","合肥","直接访问","http://lingdu_dou.gitee.io/vuepress-lingdu-v2/bookmark/#chatgpt","--","60.166.103.35","2123315922450136524","181s","2","http://lingdu_dou.gitee.io/vuepress-lingdu-v2/bookmark/#chatgpt","2023/06/08 08:19:35","老访客","2","Win 10","电信","Google Chrome","中文(简体)","","24-bit","","支持","不支持","2023-06-08 09:38:30","90s","http://lingdu_dou.gitee.io/vuepress-lingdu-v2/bookmark/#chatgpt"
,,,,,,,,,,,,,,,,,,,,,,,"2023-06-08 09:40:01","90s","http://lingdu_dou.gitee.io/vuepress-lingdu-v2/bookmark/#chatgpt"
"57","2023/06/08 08:22:02","合肥","直接访问","http://lingdu_dou.gitee.io/vuepress-lingdu-v2","--","60.166.103.35","1745404280090749276","536s","7","http://lingdu_dou.gitee.io/vuepress-lingdu-v2","2023/05/29 17:02:10","老访客","1","Android 13.0","电信","微信浏览器","中文(简体)","","24-bit","","支持","不支持","2023-06-08 08:22:02","6s","http://lingdu_dou.gitee.io/vuepress-lingdu-v2"
,,,,,,,,,,,,,,,,,,,,,,,"2023-06-08 08:22:09","6s","http://lingdu_dou.gitee.io/vuepress-lingdu-v2"
,,,,,,,,,,,,,,,,,,,,,,,"2023-06-08 08:22:16","15s","http://lingdu_dou.gitee.io/vuepress-lingdu-v2"
,,,,,,,,,,,,,,,,,,,,,,,"2023-06-08 08:22:31","18s","http://lingdu_dou.gitee.io/vuepress-lingdu-v2"
,,,,,,,,,,,,,,,,,,,,,,,"2023-06-08 08:22:50","156s","http://lingdu_dou.gitee.io/vuepress-lingdu-v2"
,,,,,,,,,,,,,,,,,,,,,,,"2023-06-08 08:25:26","256s","http://lingdu_dou.gitee.io/vuepress-lingdu-v2"
,,,,,,,,,,,,,,,,,,,,,,,"2023-06-08 08:29:42","76s","http://lingdu_dou.gitee.io/vuepress-lingdu-v2"
"58","2023/06/08 08:19:35","合肥","直接访问","http://lingdu_dou.gitee.io/vuepress-lingdu-v2","--","60.166.103.35","2123315922450136524","205s","2","http://lingdu_dou.gitee.io/vuepress-lingdu-v2","2023/06/08 08:19:35","老访客","1","Win 10","电信","Google Chrome","中文(简体)","","24-bit","","支持","不支持","2023-06-08 08:19:35","103s","http://lingdu_dou.gitee.io/vuepress-lingdu-v2"
,,,,,,,,,,,,,,,,,,,,,,,"2023-06-08 08:21:18","102s","http://lingdu_dou.gitee.io/vuepress-lingdu-v2"
"59","2023/06/07 22:45:18","合肥","直接访问","http://lingdu_dou.gitee.io/vuepress-lingdu-v2/plugin/%E7%95%99%E8%A8%80%E6%9D%BF.html","--","36.33.246.181","2062916712568977173","1588s","2","http://lingdu_dou.gitee.io/vuepress-lingdu-v2/plugin/%E7%95%99%E8%A8%80%E6%9D%BF.html","首次访问","新访客","1","Win 10","","Google Chrome","中文(简体)","1920x1080","24-bit","","支持","不支持","2023-06-07 22:45:18","22s","http://lingdu_dou.gitee.io/vuepress-lingdu-v2/plugin/%E7%95%99%E8%A8%80%E6%9D%BF.html"
,,,,,,,,,,,,,,,,,,,,,,,"2023-06-07 22:45:41","1565s","http://lingdu_dou.gitee.io/vuepress-lingdu-v2/plugin/%E7%95%99%E8%A8%80%E6%9D%BF.html"
"60","2023/06/07 19:53:30","北京","直接访问","http://lingdu_dou.gitee.io/vuepress-lingdu-v2","--","36.159.241.20","1745404280090749276","655s","4","http://lingdu_dou.gitee.io/vuepress-lingdu-v2/docs/me/qiuzhaoxin.html","2023/06/07 18:40:45","老访客","6","Android 13.0","","微信浏览器","中文(简体)","","24-bit","","支持","不支持","2023-06-07 19:53:30","58s","http://lingdu_dou.gitee.io/vuepress-lingdu-v2"
,,,,,,,,,,,,,,,,,,,,,,,"2023-06-07 19:54:28","6s","http://lingdu_dou.gitee.io/vuepress-lingdu-v2/docs/me/career/zhfxx"
,,,,,,,,,,,,,,,,,,,,,,,"2023-06-07 19:54:35","427s","http://lingdu_dou.gitee.io/vuepress-lingdu-v2/docs/me"
,,,,,,,,,,,,,,,,,,,,,,,"2023-06-07 20:01:42","163s","http://lingdu_dou.gitee.io/vuepress-lingdu-v2/docs/me/qiuzhaoxin.html"
"61","2023/06/07 18:40:45","北京","直接访问","http://lingdu_dou.gitee.io/vuepress-lingdu-v2","--","36.159.241.20","1745404280090749276","657s","3","http://lingdu_dou.gitee.io/vuepress-lingdu-v2/docs/boke/markdown/#%E7%BC%BA%E7%82%B9","2023/06/07 17:06:57","老访客","5","Android 13.0","","微信浏览器","中文(简体)","","24-bit","","支持","不支持","2023-06-07 18:40:45","268s","http://lingdu_dou.gitee.io/vuepress-lingdu-v2"
,,,,,,,,,,,,,,,,,,,,,,,"2023-06-07 18:45:13","389s","http://lingdu_dou.gitee.io/vuepress-lingdu-v2"
,,,,,,,,,,,,,,,,,,,,,,,"2023-06-07 18:51:42","未知","http://lingdu_dou.gitee.io/vuepress-lingdu-v2/docs/boke/markdown/#%E7%BC%BA%E7%82%B9"
"62","2023/06/07 18:00:58","合肥","直接访问","https://lingdu990130556.github.io/vuepress-lingdu-v2","--","60.166.102.40","2123315922450136524","228s","1","https://lingdu990130556.github.io/vuepress-lingdu-v2","2023/06/07 17:59:11","老访客","19","Win 10","电信","Google Chrome","中文(简体)","","24-bit","","支持","不支持","2023-06-07 18:00:58","228s","https://lingdu990130556.github.io/vuepress-lingdu-v2"
"63","2023/06/07 17:59:11","合肥","直接访问","http://lingdu_dou.gitee.io/vuepress-lingdu-v2","--","60.166.102.40","2123315922450136524","28s","2","http://lingdu_dou.gitee.io/vuepress-lingdu-v2","2023/06/07 17:15:29","老访客","18","Win 10","电信","Google Chrome","中文(简体)","","24-bit","","支持","不支持","2023-06-07 17:59:11","14s","http://lingdu_dou.gitee.io/vuepress-lingdu-v2"
,,,,,,,,,,,,,,,,,,,,,,,"2023-06-07 17:59:25","14s","http://lingdu_dou.gitee.io/vuepress-lingdu-v2"
"64","2023/06/07 17:21:10","合肥","直接访问","https://lingdu990130556.github.io/vuepress-lingdu-v2","--","60.166.102.40","1827453080445372871","21s","1","https://lingdu990130556.github.io/vuepress-lingdu-v2","2023/06/07 16:37:13","新访客","2","Win 10","电信","Microsoft Edge","中文(简体)","","24-bit","","支持","不支持","2023-06-07 17:21:10","21s","https://lingdu990130556.github.io/vuepress-lingdu-v2"
"65","2023/06/07 17:15:29","合肥","直接访问","http://lingdu_dou.gitee.io/vuepress-lingdu-v2/bookmark","--","60.166.102.40","2123315922450136524","37s","2","http://lingdu_dou.gitee.io/vuepress-lingdu-v2","2023/06/07 17:01:32","老访客","17","Win 10","电信","Google Chrome","中文(简体)","","24-bit","","支持","不支持","2023-06-07 17:15:29","19s","http://lingdu_dou.gitee.io/vuepress-lingdu-v2/bookmark"
,,,,,,,,,,,,,,,,,,,,,,,"2023-06-07 17:15:48","18s","http://lingdu_dou.gitee.io/vuepress-lingdu-v2"
"66","2023/06/07 17:06:57","合肥","直接访问","http://lingdu_dou.gitee.io/vuepress-lingdu-v2","--","60.166.102.40","1745404280090749276","189s","7","http://lingdu_dou.gitee.io/vuepress-lingdu-v2","2023/06/07 16:25:06","老访客","4","Android 13.0","电信","微信浏览器","中文(简体)","","24-bit","","支持","不支持","2023-06-07 17:06:57","4s","http://lingdu_dou.gitee.io/vuepress-lingdu-v2"
,,,,,,,,,,,,,,,,,,,,,,,"2023-06-07 17:07:01","11s","http://lingdu_dou.gitee.io/vuepress-lingdu-v2"
,,,,,,,,,,,,,,,,,,,,,,,"2023-06-07 17:07:12","6s","http://lingdu_dou.gitee.io/vuepress-lingdu-v2"
,,,,,,,,,,,,,,,,,,,,,,,"2023-06-07 17:07:18","45s","http://lingdu_dou.gitee.io/vuepress-lingdu-v2"
,,,,,,,,,,,,,,,,,,,,,,,"2023-06-07 17:08:03","84s","http://lingdu_dou.gitee.io/vuepress-lingdu-v2/docs/me/qiuzhao"
,,,,,,,,,,,,,,,,,,,,,,,"2023-06-07 17:08:55","32s","http://lingdu_dou.gitee.io/vuepress-lingdu-v2"
,,,,,,,,,,,,,,,,,,,,,,,"2023-06-07 17:09:36","30s","http://lingdu_dou.gitee.io/vuepress-lingdu-v2"
"67","2023/06/07 17:01:32","合肥","直接访问","https://lingdu990130556.github.io/vuepress-lingdu-v2","--","60.166.102.40","2123315922450136524","820s","3","https://lingdu990130556.github.io/vuepress-lingdu-v2","2023/06/07 16:35:29","老访客","16","Win 10","电信","Google Chrome","中文(简体)","","24-bit","","支持","不支持","2023-06-07 17:01:32","138s","https://lingdu990130556.github.io/vuepress-lingdu-v2"
,,,,,,,,,,,,,,,,,,,,,,,"2023-06-07 17:03:52","677s","https://lingdu990130556.github.io/vuepress-lingdu-v2"
,,,,,,,,,,,,,,,,,,,,,,,"2023-06-07 17:15:12","未知","https://lingdu990130556.github.io/vuepress-lingdu-v2"
"68","2023/06/07 16:37:13","合肥","直接访问","https://lingdu990130556.github.io/vuepress-lingdu-v2","--","60.166.102.40","1827453080445372871","120s","1","https://lingdu990130556.github.io/vuepress-lingdu-v2","首次访问","新访客","1","Win 10","电信","Microsoft Edge","中文(简体)","","24-bit","","支持","不支持","2023-06-07 16:37:13","120s","https://lingdu990130556.github.io/vuepress-lingdu-v2"
"69","2023/06/07 16:35:49","合肥","直接访问","https://lingdu990130556.github.io/vuepress-lingdu-v2","--","60.166.102.40","2028325904651137785","83s","2","https://lingdu990130556.github.io/vuepress-lingdu-v2","首次访问","新访客","1","Win 10","电信","Microsoft Edge","中文(简体)","","24-bit","","支持","不支持","2023-06-07 16:35:49","34s","https://lingdu990130556.github.io/vuepress-lingdu-v2"
,,,,,,,,,,,,,,,,,,,,,,,"2023-06-07 16:36:24","48s","https://lingdu990130556.github.io/vuepress-lingdu-v2"
"70","2023/06/07 16:35:29","合肥","https://gitee.com/lingdu_dou/vuepress-lingdu-v2/pages","http://lingdu_dou.gitee.io/vuepress-lingdu-v2","--","60.166.102.40","2123315922450136524","120s","1","http://lingdu_dou.gitee.io/vuepress-lingdu-v2","2023/06/07 16:30:42","老访客","15","Win 10","电信","Google Chrome","中文(简体)","","24-bit","","支持","不支持","2023-06-07 16:35:29","120s","http://lingdu_dou.gitee.io/vuepress-lingdu-v2"
"71","2023/06/07 16:30:42","合肥","直接访问","https://lingdu990130556.github.io/vuepress-lingdu-v2","--","60.166.102.40","2123315922450136524","75s","3","https://lingdu990130556.github.io/vuepress-lingdu-v2","2023/06/07 16:30:33","老访客","14","Win 10","电信","Google Chrome","中文(简体)","","24-bit","","支持","不支持","2023-06-07 16:30:42","27s","https://lingdu990130556.github.io/vuepress-lingdu-v2"
,,,,,,,,,,,,,,,,,,,,,,,"2023-06-07 16:31:09","23s","https://lingdu990130556.github.io/vuepress-lingdu-v2"
,,,,,,,,,,,,,,,,,,,,,,,"2023-06-07 16:31:33","24s","https://lingdu990130556.github.io/vuepress-lingdu-v2"
"72","2023/06/07 16:30:33","合肥","https://gitee.com/lingdu_dou/vuepress-lingdu-v2/pages","http://lingdu_dou.gitee.io/vuepress-lingdu-v2","--","60.166.102.40","2123315922450136524","未知","1","http://lingdu_dou.gitee.io/vuepress-lingdu-v2","2023/06/07 16:21:30","老访客","13","Win 10","电信","Google Chrome","中文(简体)","","24-bit","","支持","不支持","2023-06-07 16:30:33","未知","http://lingdu_dou.gitee.io/vuepress-lingdu-v2"
"73","2023/06/07 16:25:06","合肥","直接访问","http://lingdu_dou.gitee.io/vuepress-lingdu-v2","--","220.205.252.169","1745404280090749276","132s","5","http://lingdu_dou.gitee.io/vuepress-lingdu-v2/docs/me/qiuzhaoxin.html","2023/06/07 16:23:53","老访客","3","Android 13.0","联通","微信浏览器","中文(简体)","","24-bit","","支持","不支持","2023-06-07 16:25:06","18s","http://lingdu_dou.gitee.io/vuepress-lingdu-v2"
,,,,,,,,,,,,,,,,,,,,,,,"2023-06-07 16:25:24","12s","http://lingdu_dou.gitee.io/vuepress-lingdu-v2/docs/me/qiuzhaoxin.html"
,,,,,,,,,,,,,,,,,,,,,,,"2023-06-07 16:25:36","24s","http://lingdu_dou.gitee.io/vuepress-lingdu-v2/docs/me/qiuzhaoxin.html"
,,,,,,,,,,,,,,,,,,,,,,,"2023-06-07 16:26:00","52s","http://lingdu_dou.gitee.io/vuepress-lingdu-v2/docs/me/qiuzhaoxin.html"
,,,,,,,,,,,,,,,,,,,,,,,"2023-06-07 16:26:52","26s","http://lingdu_dou.gitee.io/vuepress-lingdu-v2/docs/me/qiuzhaoxin.html"
"74","2023/06/07 16:23:53","合肥","直接访问","https://lingdu990130556.github.io/vuepress-lingdu-v2","--","60.166.102.40","1745404280090749276","53s","2","https://lingdu990130556.github.io/vuepress-lingdu-v2","2023/06/07 15:45:28","老访客","2","Android 13.0","电信","微信浏览器","中文(简体)","","24-bit","","支持","不支持","2023-06-07 16:23:53","27s","https://lingdu990130556.github.io/vuepress-lingdu-v2"
,,,,,,,,,,,,,,,,,,,,,,,"2023-06-07 16:24:20","26s","https://lingdu990130556.github.io/vuepress-lingdu-v2"
"75","2023/06/07 16:21:30","合肥","直接访问","https://lingdu990130556.github.io/vuepress-lingdu-v2","--","60.166.102.40","2123315922450136524","55s","3","https://lingdu990130556.github.io/vuepress-lingdu-v2","2023/06/07 16:19:40","老访客","12","Win 10","电信","Google Chrome","中文(简体)","","24-bit","","支持","不支持","2023-06-07 16:21:30","13s","https://lingdu990130556.github.io/vuepress-lingdu-v2"
,,,,,,,,,,,,,,,,,,,,,,,"2023-06-07 16:21:44","20s","https://lingdu990130556.github.io/vuepress-lingdu-v2"
,,,,,,,,,,,,,,,,,,,,,,,"2023-06-07 16:22:09","16s","https://lingdu990130556.github.io/vuepress-lingdu-v2"
"76","2023/06/07 16:19:40","合肥","https://gitee.com/lingdu_dou/vuepress-lingdu-v2/pages","http://lingdu_dou.gitee.io/vuepress-lingdu-v2","--","60.166.102.40","2123315922450136524","99s","2","http://lingdu_dou.gitee.io/vuepress-lingdu-v2","2023/06/07 16:19:09","老访客","11","Win 10","电信","Google Chrome","中文(简体)","","24-bit","","支持","不支持","2023-06-07 16:19:40","99s","http://lingdu_dou.gitee.io/vuepress-lingdu-v2"
,,,,,,,,,,,,,,,,,,,,,,,"2023-06-07 16:21:19","未知","http://lingdu_dou.gitee.io/vuepress-lingdu-v2"
"77","2023/06/07 16:19:09","合肥","直接访问","https://lingdu990130556.github.io/vuepress-lingdu-v2","--","60.166.102.40","2123315922450136524","未知","1","https://lingdu990130556.github.io/vuepress-lingdu-v2","2023/06/07 16:08:03","老访客","10","Win 10","电信","Google Chrome","中文(简体)","","24-bit","","支持","不支持","2023-06-07 16:19:09","未知","https://lingdu990130556.github.io/vuepress-lingdu-v2"
"78","2023/06/07 16:08:03","合肥","直接访问","https://lingdu_dou.gitee.io/vuepress-lingdu-v2","--","60.166.102.40","2123315922450136524","105s","2","https://lingdu_dou.gitee.io/vuepress-lingdu-v2","2023/06/07 15:53:29","老访客","9","Win 10","电信","Google Chrome","中文(简体)","","24-bit","","支持","不支持","2023-06-07 16:08:03","85s","https://lingdu_dou.gitee.io/vuepress-lingdu-v2"
,,,,,,,,,,,,,,,,,,,,,,,"2023-06-07 16:09:28","20s","https://lingdu_dou.gitee.io/vuepress-lingdu-v2"
"79","2023/06/07 15:53:15","合肥","https://gitee.com/lingdu_dou/vuepress-lingdu-v2/pages","http://lingdu_dou.gitee.io/vuepress-lingdu-v2","--","60.166.102.40","2123315922450136524","未知","1","http://lingdu_dou.gitee.io/vuepress-lingdu-v2","2023/06/07 15:43:45","老访客","7","Win 10","电信","Google Chrome","中文(简体)","","24-bit","","支持","不支持","2023-06-07 15:53:15","未知","http://lingdu_dou.gitee.io/vuepress-lingdu-v2"
"80","2023/06/07 15:45:28","合肥","直接访问","http://lingdu_dou.gitee.io/vuepress-lingdu-v2","--","60.166.102.40","1745404280090749276","63s","3","http://lingdu_dou.gitee.io/vuepress-lingdu-v2","2023/05/29 17:02:10","老访客","1","Android 13.0","电信","微信浏览器","中文(简体)","","24-bit","","支持","不支持","2023-06-07 15:45:28","13s","http://lingdu_dou.gitee.io/vuepress-lingdu-v2"
,,,,,,,,,,,,,,,,,,,,,,,"2023-06-07 15:45:42","48s","http://lingdu_dou.gitee.io/vuepress-lingdu-v2"
,,,,,,,,,,,,,,,,,,,,,,,"2023-06-07 15:46:31","未知","http://lingdu_dou.gitee.io/vuepress-lingdu-v2"
"81","2023/06/07 15:43:45","合肥","直接访问","https://lingdu990130556.github.io/vuepress-lingdu-v2","--","60.166.102.40","2123315922450136524","555s","2","https://lingdu990130556.github.io/vuepress-lingdu-v2","2023/06/07 15:43:22","老访客","6","Win 10","电信","Google Chrome","中文(简体)","","24-bit","","支持","不支持","2023-06-07 15:43:45","554s","https://lingdu990130556.github.io/vuepress-lingdu-v2"
,,,,,,,,,,,,,,,,,,,,,,,"2023-06-07 15:53:00","未知","https://lingdu990130556.github.io/vuepress-lingdu-v2"
"82","2023/06/07 15:43:22","合肥","https://gitee.com/lingdu_dou/vuepress-lingdu-v2/pages","http://lingdu_dou.gitee.io/vuepress-lingdu-v2","--","60.166.102.40","2123315922450136524","未知","1","http://lingdu_dou.gitee.io/vuepress-lingdu-v2","2023/06/07 15:41:53","老访客","5","Win 10","电信","Google Chrome","中文(简体)","","24-bit","","支持","不支持","2023-06-07 15:43:22","未知","http://lingdu_dou.gitee.io/vuepress-lingdu-v2"
"83","2023/06/07 15:41:53","合肥","直接访问","http://lingdu_dou.gitee.io/vuepress-lingdu-v2/html/yinyue/bofang.html","--","60.166.102.40","2123315922450136524","未知","1","http://lingdu_dou.gitee.io/vuepress-lingdu-v2/html/yinyue/bofang.html","2023/06/07 15:41:49","老访客","4","Win 10","电信","Google Chrome","中文(简体)","","24-bit","","支持","不支持","2023-06-07 15:41:53","未知","http://lingdu_dou.gitee.io/vuepress-lingdu-v2/html/yinyue/bofang.html"
"84","2023/06/07 15:41:49","合肥","直接访问","https://lingdu990130556.github.io/vuepress-lingdu-v2","--","60.166.102.40","2123315922450136524","未知","1","https://lingdu990130556.github.io/vuepress-lingdu-v2","2023/06/07 15:41:43","老访客","3","Win 10","电信","Google Chrome","中文(简体)","","24-bit","","支持","不支持","2023-06-07 15:41:49","未知","https://lingdu990130556.github.io/vuepress-lingdu-v2"
"85","2023/06/07 15:41:43","合肥","直接访问","http://lingdu_dou.gitee.io/vuepress-lingdu-v2/html/yinyue/bofang.html","--","60.166.102.40","2123315922450136524","5s","1","http://lingdu_dou.gitee.io/vuepress-lingdu-v2/html/yinyue/bofang.html","2023/06/07 15:26:42","老访客","2","Win 10","电信","Google Chrome","中文(简体)","","24-bit","","支持","不支持","2023-06-07 15:41:43","5s","http://lingdu_dou.gitee.io/vuepress-lingdu-v2/html/yinyue/bofang.html"
"86","2023/06/07 15:26:42","合肥","直接访问","https://lingdu990130556.github.io/vuepress-lingdu-v2","--","60.166.102.40","2123315922450136524","901s","8","https://lingdu990130556.github.io/vuepress-lingdu-v2","2023/06/07 15:26:37","老访客","1","Win 10","电信","Google Chrome","中文(简体)","","24-bit","","支持","不支持","2023-06-07 15:26:42","9s","https://lingdu990130556.github.io/vuepress-lingdu-v2"
,,,,,,,,,,,,,,,,,,,,,,,"2023-06-07 15:26:57","24s","https://lingdu990130556.github.io/vuepress-lingdu-v2"
,,,,,,,,,,,,,,,,,,,,,,,"2023-06-07 15:27:26","527s","https://lingdu990130556.github.io/vuepress-lingdu-v2"
,,,,,,,,,,,,,,,,,,,,,,,"2023-06-07 15:36:18","84s","https://lingdu990130556.github.io/vuepress-lingdu-v2"
,,,,,,,,,,,,,,,,,,,,,,,"2023-06-07 15:37:47","8s","https://lingdu990130556.github.io/vuepress-lingdu-v2"
,,,,,,,,,,,,,,,,,,,,,,,"2023-06-07 15:37:59","67s","https://lingdu990130556.github.io/vuepress-lingdu-v2"
,,,,,,,,,,,,,,,,,,,,,,,"2023-06-07 15:39:10","151s","https://lingdu990130556.github.io/vuepress-lingdu-v2"
,,,,,,,,,,,,,,,,,,,,,,,"2023-06-07 15:41:43","未知","https://lingdu990130556.github.io/vuepress-lingdu-v2"
"87","2023/06/06 21:56:47","北京","直接访问","http://lingdu_dou.gitee.io/vuepress-lingdu-v2/docs/me/qiuzhaoxin.html","--","36.159.241.20","1745404280090749276","567s","3","http://lingdu_dou.gitee.io/vuepress-lingdu-v2/docs/me/qiuzhaoxin.html","2023/06/06 18:56:31","老访客","2","Android 13.0","","微信浏览器","中文(简体)","","24-bit","","支持","不支持","2023-06-06 21:56:47","293s","http://lingdu_dou.gitee.io/vuepress-lingdu-v2/docs/me/qiuzhaoxin.html"
,,,,,,,,,,,,,,,,,,,,,,,"2023-06-06 22:01:41","19s","http://lingdu_dou.gitee.io/vuepress-lingdu-v2/docs/me/qiuzhaoxin.html"
,,,,,,,,,,,,,,,,,,,,,,,"2023-06-06 22:02:03","251s","http://lingdu_dou.gitee.io/vuepress-lingdu-v2/docs/me/qiuzhaoxin.html"
"88","2023/06/06 18:56:31","北京","直接访问","http://lingdu_dou.gitee.io/vuepress-lingdu-v2/docs/me/qiuzhaoxin.html","--","36.159.241.20","1745404280090749276","291s","1","http://lingdu_dou.gitee.io/vuepress-lingdu-v2/docs/me/qiuzhaoxin.html","2023/05/29 17:02:10","老访客","1","Android 13.0","","微信浏览器","中文(简体)","","24-bit","","支持","不支持","2023-06-06 18:56:31","291s","http://lingdu_dou.gitee.io/vuepress-lingdu-v2/docs/me/qiuzhaoxin.html"
"89","2023/06/06 17:12:17","合肥","http://localhost:8080","http://lingdu_dou.gitee.io/vuepress-lingdu-v2","--","60.166.102.40","2123315922450136524","62s","2","http://lingdu_dou.gitee.io/vuepress-lingdu-v2","2023/06/06 16:52:35","老访客","4","Win 10","电信","Google Chrome","中文(简体)","","24-bit","","支持","不支持","2023-06-06 17:12:17","62s","http://lingdu_dou.gitee.io/vuepress-lingdu-v2"
,,,,,,,,,,,,,,,,,,,,,,,"2023-06-06 17:12:38","41s","http://lingdu_dou.gitee.io/vuepress-lingdu-v2"
"90","2023/06/06 16:52:35","合肥","https://gitee.com/lingdu_dou/vuepress-lingdu-v2/pages","http://lingdu_dou.gitee.io/vuepress-lingdu-v2","--","60.166.102.40","2123315922450136524","125s","3","http://lingdu_dou.gitee.io/vuepress-lingdu-v2","2023/06/06 16:45:09","老访客","3","Win 10","电信","Google Chrome","中文(简体)","","24-bit","","支持","不支持","2023-06-06 16:52:35","9s","http://lingdu_dou.gitee.io/vuepress-lingdu-v2"
,,,,,,,,,,,,,,,,,,,,,,,"2023-06-06 16:52:47","15s","http://lingdu_dou.gitee.io/vuepress-lingdu-v2/plugin/%E7%95%99%E8%A8%80%E6%9D%BF.md"
,,,,,,,,,,,,,,,,,,,,,,,"2023-06-06 16:54:28","12s","http://lingdu_dou.gitee.io/vuepress-lingdu-v2"
"91","2023/06/06 16:45:09","合肥","http://localhost:8080","http://lingdu_dou.gitee.io/vuepress-lingdu-v2/html/qiuzhaoxin/index.html","--","60.166.102.40","2123315922450136524","158s","2","http://lingdu_dou.gitee.io/vuepress-lingdu-v2/html/qiuzhaoxin/index.html","2023/06/06 08:28:21","老访客","2","Win 10","电信","Google Chrome","中文(简体)","","24-bit","","支持","不支持","2023-06-06 16:45:09","76s","http://lingdu_dou.gitee.io/vuepress-lingdu-v2/html/qiuzhaoxin/index.html"
,,,,,,,,,,,,,,,,,,,,,,,"2023-06-06 16:46:31","76s","http://lingdu_dou.gitee.io/vuepress-lingdu-v2/html/qiuzhaoxin/index.html"
"92","2023/06/06 15:03:36","成都","https://gitee.com/lingdu_dou/vuepress-lingdu-v2?_from=gitee_search","http://lingdu_dou.gitee.io/vuepress-lingdu-v2","--","125.70.0.29","2094068398330336257","5s","1","http://lingdu_dou.gitee.io/vuepress-lingdu-v2","首次访问","新访客","1","Win 10","电信","Google Chrome","中文(简体)","1920x1080","24-bit","","支持","不支持","2023-06-06 15:03:36","5s","http://lingdu_dou.gitee.io/vuepress-lingdu-v2"
"93","2023/06/06 14:19:16","深圳","直接访问","https://lingdu990130556.github.io/vuepress-lingdu-v2","--","116.7.236.36","1918157446368450240","13s","1","https://lingdu990130556.github.io/vuepress-lingdu-v2","2023/06/06 14:15:47","新访客","2","Win 10","电信","Google Chrome","中文(简体)","1440x900","24-bit","","支持","不支持","2023-06-06 14:19:16","13s","https://lingdu990130556.github.io/vuepress-lingdu-v2"
"94","2023/06/06 14:15:47","深圳","直接访问","http://lingdu_dou.gitee.io/vuepress-lingdu-v2","--","116.7.236.36","1918157446368450240","218s","2","http://lingdu_dou.gitee.io/vuepress-lingdu-v2","首次访问","新访客","1","Win 10","电信","Google Chrome","中文(简体)","1440x900","24-bit","","支持","不支持","2023-06-06 14:15:47","14s","http://lingdu_dou.gitee.io/vuepress-lingdu-v2"
,,,,,,,,,,,,,,,,,,,,,,,"2023-06-06 14:19:12","13s","http://lingdu_dou.gitee.io/vuepress-lingdu-v2"
"95","2023/06/06 09:38:12","其他","直接访问","https://lingdu990130556.github.io/vuepress-lingdu-v2","--","50.7.250.114","2010568375284445543","601s","2","https://lingdu990130556.github.io/vuepress-lingdu-v2/docs/boke/GitHub%E5%88%86%E6%94%AF%E8%87%AA%E5%8A%A8%E6%8F%90%E4%BA%A4.html","首次访问","新访客","1","Win 10","","Google Chrome","中文(简体)","1536x864","24-bit","","支持","不支持","2023-06-06 09:38:12","167s","https://lingdu990130556.github.io/vuepress-lingdu-v2"
,,,,,,,,,,,,,,,,,,,,,,,"2023-06-06 09:45:20","173s","https://lingdu990130556.github.io/vuepress-lingdu-v2/docs/boke/GitHub%E5%88%86%E6%94%AF%E8%87%AA%E5%8A%A8%E6%8F%90%E4%BA%A4.html"
"96","2023/06/06 08:28:21","合肥","直接访问","http://lingdu_dou.gitee.io/vuepress-lingdu-v2","--","60.166.102.40","2123315922450136524","1126s","2","http://lingdu_dou.gitee.io/vuepress-lingdu-v2","2023/06/06 08:28:21","老访客","1","Win 10","电信","Google Chrome","中文(简体)","","24-bit","","支持","不支持","2023-06-06 08:28:21","1126s","http://lingdu_dou.gitee.io/vuepress-lingdu-v2"
,,,,,,,,,,,,,,,,,,,,,,,"2023-06-06 08:47:07","未知","http://lingdu_dou.gitee.io/vuepress-lingdu-v2"
"97","2023/06/05 20:37:00","合肥","直接访问","http://lingdu_dou.gitee.io/vuepress-lingdu-v2","--","60.166.102.40","2123315922450136524","97s","2","http://lingdu_dou.gitee.io/vuepress-lingdu-v2","2023/06/05 18:01:30","老访客","19","Win 10","电信","Google Chrome","中文(简体)","","24-bit","","支持","不支持","2023-06-05 20:37:00","69s","http://lingdu_dou.gitee.io/vuepress-lingdu-v2"
,,,,,,,,,,,,,,,,,,,,,,,"2023-06-05 20:37:28","69s","http://lingdu_dou.gitee.io/vuepress-lingdu-v2"
"98","2023/06/05 18:01:30","合肥","直接访问","http://lingdu_dou.gitee.io/vuepress-lingdu-v2/docs/me/qiuzhao","--","60.166.102.40","2123315922450136524","257s","3","http://lingdu_dou.gitee.io/vuepress-lingdu-v2","2023/06/05 17:58:10","老访客","18","Win 10","电信","Google Chrome","中文(简体)","","24-bit","","支持","不支持","2023-06-05 18:01:30","396s","http://lingdu_dou.gitee.io/vuepress-lingdu-v2/docs/me/qiuzhao"
,,,,,,,,,,,,,,,,,,,,,,,"2023-06-05 18:01:36","15s","http://lingdu_dou.gitee.io/vuepress-lingdu-v2/docs/me/qiuzhaoxin"
,,,,,,,,,,,,,,,,,,,,,,,"2023-06-05 18:02:22","205s","http://lingdu_dou.gitee.io/vuepress-lingdu-v2"
"99","2023/06/05 17:58:10","合肥","直接访问","https://lingdu990130556.github.io/vuepress-lingdu-v2","--","60.166.102.40","2123315922450136524","14s","1","https://lingdu990130556.github.io/vuepress-lingdu-v2","2023/06/05 17:52:03","老访客","17","Win 10","电信","Google Chrome","中文(简体)","","24-bit","","支持","不支持","2023-06-05 17:58:10","14s","https://lingdu990130556.github.io/vuepress-lingdu-v2"
"100","2023/06/05 17:52:03","合肥","直接访问","http://lingdu_dou.gitee.io/vuepress-lingdu-v2/space","--","60.166.102.40","2123315922450136524","353s","2","http://lingdu_dou.gitee.io/vuepress-lingdu-v2/space","2023/06/05 17:47:11","老访客","16","Win 10","电信","Google Chrome","中文(简体)","","24-bit","","支持","不支持","2023-06-05 17:52:03","176s","http://lingdu_dou.gitee.io/vuepress-lingdu-v2/space"
,,,,,,,,,,,,,,,,,,,,,,,"2023-06-05 17:55:00","176s","http://lingdu_dou.gitee.io/vuepress-lingdu-v2/space"
"101","2023/06/05 17:47:11","合肥","直接访问","https://lingdu990130556.github.io/vuepress-lingdu-v2/docs/boke/%E6%8F%92%E4%BB%B6.html#%E5%85%AC%E5%91%8A%E7%AA%97%E6%94%B9%E8%A3%85%E6%88%90%E9%9F%B3%E4%B9%90%E6%92%AD%E6%94%BE%E5%99%A8","--","60.166.102.40","2123315922450136524","20s","1","https://lingdu990130556.github.io/vuepress-lingdu-v2/docs/boke/%E6%8F%92%E4%BB%B6.html#%E5%85%AC%E5%91%8A%E7%AA%97%E6%94%B9%E8%A3%85%E6%88%90%E9%9F%B3%E4%B9%90%E6%92%AD%E6%94%BE%E5%99%A8","2023/06/05 17:47:08","老访客","15","Win 10","电信","Google Chrome","中文(简体)","","24-bit","","支持","不支持","2023-06-05 17:47:11","20s","https://lingdu990130556.github.io/vuepress-lingdu-v2/docs/boke/%E6%8F%92%E4%BB%B6.html#%E5%85%AC%E5%91%8A%E7%AA%97%E6%94%B9%E8%A3%85%E6%88%90%E9%9F%B3%E4%B9%90%E6%92%AD%E6%94%BE%E5%99%A8"
"102","2023/06/05 17:47:08","合肥","直接访问","http://lingdu_dou.gitee.io/vuepress-lingdu-v2/docs/boke/%E6%8F%92%E4%BB%B6.html#%E5%85%AC%E5%91%8A%E7%AA%97%E6%94%B9%E8%A3%85%E6%88%90%E9%9F%B3%E4%B9%90%E6%92%AD%E6%94%BE%E5%99%A8","--","60.166.102.40","2123315922450136524","未知","1","http://lingdu_dou.gitee.io/vuepress-lingdu-v2/docs/boke/%E6%8F%92%E4%BB%B6.html#%E5%85%AC%E5%91%8A%E7%AA%97%E6%94%B9%E8%A3%85%E6%88%90%E9%9F%B3%E4%B9%90%E6%92%AD%E6%94%BE%E5%99%A8","2023/06/05 16:49:15","老访客","14","Win 10","电信","Google Chrome","中文(简体)","","24-bit","","支持","不支持","2023-06-05 17:47:08","未知","http://lingdu_dou.gitee.io/vuepress-lingdu-v2/docs/boke/%E6%8F%92%E4%BB%B6.html#%E5%85%AC%E5%91%8A%E7%AA%97%E6%94%B9%E8%A3%85%E6%88%90%E9%9F%B3%E4%B9%90%E6%92%AD%E6%94%BE%E5%99%A8"
"103","2023/06/05 16:49:15","合肥","直接访问","http://lingdu_dou.gitee.io/vuepress-lingdu-v2","--","60.166.102.40","2123315922450136524","1602s","4","http://lingdu_dou.gitee.io/vuepress-lingdu-v2","2023/06/05 16:17:38","老访客","13","Win 10","电信","Google Chrome","中文(简体)","","24-bit","","支持","不支持","2023-06-05 16:49:15","203s","http://lingdu_dou.gitee.io/vuepress-lingdu-v2"
,,,,,,,,,,,,,,,,,,,,,,,"2023-06-05 16:52:38","57s","http://lingdu_dou.gitee.io/vuepress-lingdu-v2"
,,,,,,,,,,,,,,,,,,,,,,,"2023-06-05 16:53:35","942s","http://lingdu_dou.gitee.io/vuepress-lingdu-v2"
,,,,,,,,,,,,,,,,,,,,,,,"2023-06-05 17:09:17","400s","http://lingdu_dou.gitee.io/vuepress-lingdu-v2"
"104","2023/06/05 16:23:01","合肥","直接访问","https://lingdu990130556.github.io/vuepress-lingdu-v2/docs/boke/%E6%8F%92%E4%BB%B6.html#%E5%85%AC%E5%91%8A%E7%AA%97%E6%94%B9%E8%A3%85%E6%88%90%E9%9F%B3%E4%B9%90%E6%92%AD%E6%94%BE%E5%99%A8","--","223.246.122.7","1845930304056227588","120s","1","https://lingdu990130556.github.io/vuepress-lingdu-v2/docs/boke/%E6%8F%92%E4%BB%B6.html#%E5%85%AC%E5%91%8A%E7%AA%97%E6%94%B9%E8%A3%85%E6%88%90%E9%9F%B3%E4%B9%90%E6%92%AD%E6%94%BE%E5%99%A8","首次访问","新访客","1","Android 13.0","","微信浏览器","中文(简体)","400x889","24-bit","","支持","不支持","2023-06-05 16:23:01","120s","https://lingdu990130556.github.io/vuepress-lingdu-v2/docs/boke/%E6%8F%92%E4%BB%B6.html#%E5%85%AC%E5%91%8A%E7%AA%97%E6%94%B9%E8%A3%85%E6%88%90%E9%9F%B3%E4%B9%90%E6%92%AD%E6%94%BE%E5%99%A8"
"105","2023/06/05 16:21:09","合肥","直接访问","https://lingdu990130556.github.io/vuepress-lingdu-v2/docs/boke/%E6%8F%92%E4%BB%B6.html#%E5%85%AC%E5%91%8A%E7%AA%97%E6%94%B9%E8%A3%85%E6%88%90%E9%9F%B3%E4%B9%90%E6%92%AD%E6%94%BE%E5%99%A8","--","60.166.102.40","1760628122846686824","120s","1","https://lingdu990130556.github.io/vuepress-lingdu-v2/docs/boke/%E6%8F%92%E4%BB%B6.html#%E5%85%AC%E5%91%8A%E7%AA%97%E6%94%B9%E8%A3%85%E6%88%90%E9%9F%B3%E4%B9%90%E6%92%AD%E6%94%BE%E5%99%A8","首次访问","新访客","1","Win 10","电信","微信浏览器","中文(简体)","","24-bit","","支持","不支持","2023-06-05 16:21:09","120s","https://lingdu990130556.github.io/vuepress-lingdu-v2/docs/boke/%E6%8F%92%E4%BB%B6.html#%E5%85%AC%E5%91%8A%E7%AA%97%E6%94%B9%E8%A3%85%E6%88%90%E9%9F%B3%E4%B9%90%E6%92%AD%E6%94%BE%E5%99%A8"
"106","2023/06/05 16:20:56","合肥","直接访问","https://lingdu990130556.github.io/vuepress-lingdu-v2/docs/boke/%E6%8F%92%E4%BB%B6.html#%E5%85%AC%E5%91%8A%E7%AA%97%E6%94%B9%E8%A3%85%E6%88%90%E9%9F%B3%E4%B9%90%E6%92%AD%E6%94%BE%E5%99%A8","--","60.166.102.40","2246653588243526119","37s","1","https://lingdu990130556.github.io/vuepress-lingdu-v2/docs/boke/%E6%8F%92%E4%BB%B6.html#%E5%85%AC%E5%91%8A%E7%AA%97%E6%94%B9%E8%A3%85%E6%88%90%E9%9F%B3%E4%B9%90%E6%92%AD%E6%94%BE%E5%99%A8","2023/05/31 16:51:34","老访客","1","Win 10","电信","微信浏览器","中文(简体)","","24-bit","","支持","不支持","2023-06-05 16:20:56","37s","https://lingdu990130556.github.io/vuepress-lingdu-v2/docs/boke/%E6%8F%92%E4%BB%B6.html#%E5%85%AC%E5%91%8A%E7%AA%97%E6%94%B9%E8%A3%85%E6%88%90%E9%9F%B3%E4%B9%90%E6%92%AD%E6%94%BE%E5%99%A8"
"107","2023/06/05 16:17:38","合肥","直接访问","https://lingdu990130556.github.io/vuepress-lingdu-v2/docs/boke/%E6%8F%92%E4%BB%B6.html#%E5%85%AC%E5%91%8A%E7%AA%97%E6%94%B9%E8%A3%85%E6%88%90%E9%9F%B3%E4%B9%90%E6%92%AD%E6%94%BE%E5%99%A8","--","60.166.102.40","2123315922450136524","120s","1","https://lingdu990130556.github.io/vuepress-lingdu-v2/docs/boke/%E6%8F%92%E4%BB%B6.html#%E5%85%AC%E5%91%8A%E7%AA%97%E6%94%B9%E8%A3%85%E6%88%90%E9%9F%B3%E4%B9%90%E6%92%AD%E6%94%BE%E5%99%A8","2023/06/05 16:14:08","老访客","12","Win 10","电信","Google Chrome","中文(简体)","","24-bit","","支持","不支持","2023-06-05 16:17:38","120s","https://lingdu990130556.github.io/vuepress-lingdu-v2/docs/boke/%E6%8F%92%E4%BB%B6.html#%E5%85%AC%E5%91%8A%E7%AA%97%E6%94%B9%E8%A3%85%E6%88%90%E9%9F%B3%E4%B9%90%E6%92%AD%E6%94%BE%E5%99%A8"
"108","2023/06/05 16:14:08","合肥","直接访问","http://lingdu_dou.gitee.io/vuepress-lingdu-v2/docs/boke/%E6%8F%92%E4%BB%B6.html#%E5%85%AC%E5%91%8A%E7%AA%97%E6%94%B9%E8%A3%85%E6%88%90%E9%9F%B3%E4%B9%90%E6%92%AD%E6%94%BE%E5%99%A8","--","60.166.102.40","2123315922450136524","78s","3","http://lingdu_dou.gitee.io/vuepress-lingdu-v2/docs/boke/%E6%8F%92%E4%BB%B6.html#%E5%85%AC%E5%91%8A%E7%AA%97%E6%94%B9%E8%A3%85%E6%88%90%E9%9F%B3%E4%B9%90%E6%92%AD%E6%94%BE%E5%99%A8","2023/06/05 16:02:19","老访客","11","Win 10","电信","Google Chrome","中文(简体)","","24-bit","","支持","不支持","2023-06-05 16:14:08","28s","http://lingdu_dou.gitee.io/vuepress-lingdu-v2/docs/boke/%E6%8F%92%E4%BB%B6.html#%E5%85%AC%E5%91%8A%E7%AA%97%E6%94%B9%E8%A3%85%E6%88%90%E9%9F%B3%E4%B9%90%E6%92%AD%E6%94%BE%E5%99%A8"
,,,,,,,,,,,,,,,,,,,,,,,"2023-06-05 16:14:37","23s","http://lingdu_dou.gitee.io/vuepress-lingdu-v2/docs/boke/%E6%8F%92%E4%BB%B6.html#%E5%85%AC%E5%91%8A%E7%AA%97%E6%94%B9%E8%A3%85%E6%88%90%E9%9F%B3%E4%B9%90%E6%92%AD%E6%94%BE%E5%99%A8"
,,,,,,,,,,,,,,,,,,,,,,,"2023-06-05 16:15:01","25s","http://lingdu_dou.gitee.io/vuepress-lingdu-v2/docs/boke/%E6%8F%92%E4%BB%B6.html#%E5%85%AC%E5%91%8A%E7%AA%97%E6%94%B9%E8%A3%85%E6%88%90%E9%9F%B3%E4%B9%90%E6%92%AD%E6%94%BE%E5%99%A8"
"109","2023/06/05 16:02:19","合肥","直接访问","https://lingdu990130556.github.io/vuepress-lingdu-v2/docs/boke/%E6%8F%92%E4%BB%B6.html#%E5%85%AC%E5%91%8A%E7%AA%97%E6%94%B9%E8%A3%85%E6%88%90%E9%9F%B3%E4%B9%90%E6%92%AD%E6%94%BE%E5%99%A8","--","60.166.102.40","2123315922450136524","120s","1","https://lingdu990130556.github.io/vuepress-lingdu-v2/docs/boke/%E6%8F%92%E4%BB%B6.html#%E5%85%AC%E5%91%8A%E7%AA%97%E6%94%B9%E8%A3%85%E6%88%90%E9%9F%B3%E4%B9%90%E6%92%AD%E6%94%BE%E5%99%A8","2023/06/05 16:01:12","老访客","10","Win 10","电信","Google Chrome","中文(简体)","","24-bit","","支持","不支持","2023-06-05 16:02:19","120s","https://lingdu990130556.github.io/vuepress-lingdu-v2/docs/boke/%E6%8F%92%E4%BB%B6.html#%E5%85%AC%E5%91%8A%E7%AA%97%E6%94%B9%E8%A3%85%E6%88%90%E9%9F%B3%E4%B9%90%E6%92%AD%E6%94%BE%E5%99%A8"
"110","2023/06/05 16:01:12","合肥","直接访问","http://lingdu_dou.gitee.io/vuepress-lingdu-v2","--","60.166.102.40","2123315922450136524","7s","1","http://lingdu_dou.gitee.io/vuepress-lingdu-v2","2023/06/05 16:01:07","老访客","9","Win 10","电信","Google Chrome","中文(简体)","","24-bit","","支持","不支持","2023-06-05 16:01:12","7s","http://lingdu_dou.gitee.io/vuepress-lingdu-v2"
"111","2023/06/05 16:01:07","合肥","直接访问","https://lingdu990130556.github.io/vuepress-lingdu-v2","--","60.166.102.40","2123315922450136524","未知","1","https://lingdu990130556.github.io/vuepress-lingdu-v2","2023/06/05 15:46:55","老访客","8","Win 10","电信","Google Chrome","中文(简体)","","24-bit","","支持","不支持","2023-06-05 16:01:07","未知","https://lingdu990130556.github.io/vuepress-lingdu-v2"
"112","2023/06/05 15:46:55","合肥","直接访问","http://lingdu_dou.gitee.io/vuepress-lingdu-v2","--","60.166.102.40","2123315922450136524","767s","5","http://lingdu_dou.gitee.io/vuepress-lingdu-v2/docs/boke/%E6%8F%92%E4%BB%B6.html#%E5%85%AC%E5%91%8A%E7%AA%97%E6%94%B9%E8%A3%85%E6%88%90%E9%9F%B3%E4%B9%90%E6%92%AD%E6%94%BE%E5%99%A8","2023/06/05 14:02:38","老访客","7","Win 10","电信","Google Chrome","中文(简体)","","24-bit","","支持","不支持","2023-06-05 15:46:55","292s","http://lingdu_dou.gitee.io/vuepress-lingdu-v2"
,,,,,,,,,,,,,,,,,,,,,,,"2023-06-05 15:51:47","304s","http://lingdu_dou.gitee.io/vuepress-lingdu-v2"
,,,,,,,,,,,,,,,,,,,,,,,"2023-06-05 15:51:55","296s","http://lingdu_dou.gitee.io/vuepress-lingdu-v2"
,,,,,,,,,,,,,,,,,,,,,,,"2023-06-05 15:56:51","16s","http://lingdu_dou.gitee.io/vuepress-lingdu-v2/docs/boke/%E6%8F%92%E4%BB%B6.html#%E5%85%AC%E5%91%8A%E7%AA%97%E6%94%B9%E8%A3%85%E6%88%90%E9%9F%B3%E4%B9%90%E6%92%AD%E6%94%BE%E5%99%A8"
,,,,,,,,,,,,,,,,,,,,,,,"2023-06-05 15:57:09","153s","http://lingdu_dou.gitee.io/vuepress-lingdu-v2/docs/boke/%E6%8F%92%E4%BB%B6.html#%E5%85%AC%E5%91%8A%E7%AA%97%E6%94%B9%E8%A3%85%E6%88%90%E9%9F%B3%E4%B9%90%E6%92%AD%E6%94%BE%E5%99%A8"
"113","2023/06/05 14:02:38","合肥","http://localhost:8080","http://lingdu_dou.gitee.io/vuepress-lingdu-v2","--","60.166.102.40","2123315922450136524","1694s","2","http://lingdu_dou.gitee.io/vuepress-lingdu-v2","2023/06/05 13:59:47","老访客","6","Win 10","电信","Google Chrome","中文(简体)","","24-bit","","支持","不支持","2023-06-05 14:02:38","91s","http://lingdu_dou.gitee.io/vuepress-lingdu-v2"
,,,,,,,,,,,,,,,,,,,,,,,"2023-06-05 14:30:52","未知","http://lingdu_dou.gitee.io/vuepress-lingdu-v2"
"114","2023/06/05 13:59:47","合肥","直接访问","http://lingdu_dou.gitee.io/vuepress-lingdu-v2","--","60.166.102.40","2123315922450136524","31s","2","http://lingdu_dou.gitee.io/vuepress-lingdu-v2/docs/boke","2023/06/05 10:05:57","老访客","5","Win 10","电信","Google Chrome","中文(简体)","","24-bit","","支持","不支持","2023-06-05 13:59:47","16s","http://lingdu_dou.gitee.io/vuepress-lingdu-v2"
,,,,,,,,,,,,,,,,,,,,,,,"2023-06-05 14:00:03","15s","http://lingdu_dou.gitee.io/vuepress-lingdu-v2/docs/boke"
"115","2023/06/05 10:05:57","合肥","直接访问","https://lingdu990130556.github.io/vuepress-lingdu-v2","--","60.166.102.40","2123315922450136524","77s","1","https://lingdu990130556.github.io/vuepress-lingdu-v2","2023/06/05 09:33:11","老访客","4","Win 10","电信","Google Chrome","中文(简体)","","24-bit","","支持","不支持","2023-06-05 10:05:57","77s","https://lingdu990130556.github.io/vuepress-lingdu-v2"
"116","2023/06/05 09:33:11","合肥","直接访问","http://lingdu_dou.gitee.io/vuepress-lingdu-v2/bookmark","--","60.166.102.40","2123315922450136524","1570s","3","http://lingdu_dou.gitee.io/vuepress-lingdu-v2","2023/06/05 08:46:58","老访客","3","Win 10","电信","Google Chrome","中文(简体)","","24-bit","","支持","不支持","2023-06-05 09:33:11","1527s","http://lingdu_dou.gitee.io/vuepress-lingdu-v2/bookmark"
,,,,,,,,,,,,,,,,,,,,,,,"2023-06-05 09:58:38","41s","http://lingdu_dou.gitee.io/vuepress-lingdu-v2/bookmark"
,,,,,,,,,,,,,,,,,,,,,,,"2023-06-05 09:59:19","2s","http://lingdu_dou.gitee.io/vuepress-lingdu-v2"
"117","2023/06/05 09:05:03","合肥","直接访问","http://lingdu_dou.gitee.io/vuepress-lingdu-v2","--","60.166.102.40","1745404280090749276","79s","1","http://lingdu_dou.gitee.io/vuepress-lingdu-v2","2023/05/29 17:02:10","老访客","1","Android 13.0","电信","微信浏览器","中文(简体)","","24-bit","","支持","不支持","2023-06-05 09:05:03","79s","http://lingdu_dou.gitee.io/vuepress-lingdu-v2"
"118","2023/06/05 08:46:58","合肥","http://linchenggu.gitee.io","https://lingdu990130556.github.io/doc-page","--","60.166.102.40","2123315922450136524","2685s","11","https://lingdu990130556.github.io/vuepress-lingdu-v2","2023/06/05 08:45:41","老访客","2","Win 10","电信","Google Chrome","中文(简体)","","24-bit","","支持","不支持","2023-06-05 08:46:58","7s","https://lingdu990130556.github.io/doc-page"
,,,,,,,,,,,,,,,,,,,,,,,"2023-06-05 09:01:24","55s","https://lingdu990130556.github.io/vuepress-lingdu-v2"
,,,,,,,,,,,,,,,,,,,,,,,"2023-06-05 09:02:19","25s","https://lingdu990130556.github.io/vuepress-lingdu-v2"
,,,,,,,,,,,,,,,,,,,,,,,"2023-06-05 09:02:49","41s","https://lingdu990130556.github.io/vuepress-lingdu-v2"
,,,,,,,,,,,,,,,,,,,,,,,"2023-06-05 09:03:31","26s","https://lingdu990130556.github.io/vuepress-lingdu-v2"
,,,,,,,,,,,,,,,,,,,,,,,"2023-06-05 09:03:58","8s","https://lingdu990130556.github.io/vuepress-lingdu-v2"
,,,,,,,,,,,,,,,,,,,,,,,"2023-06-05 09:04:06","1333s","https://lingdu990130556.github.io/vuepress-lingdu-v2"
,,,,,,,,,,,,,,,,,,,,,,,"2023-06-05 09:26:19","8s","https://lingdu990130556.github.io/vuepress-lingdu-v2"
,,,,,,,,,,,,,,,,,,,,,,,"2023-06-05 09:26:28","25s","https://lingdu990130556.github.io/vuepress-lingdu-v2"
,,,,,,,,,,,,,,,,,,,,,,,"2023-06-05 09:26:53","282s","https://lingdu990130556.github.io/vuepress-lingdu-v2"
,,,,,,,,,,,,,,,,,,,,,,,"2023-06-05 09:31:35","8s","https://lingdu990130556.github.io/vuepress-lingdu-v2"
"119","2023/06/05 08:45:41","合肥","直接访问","http://lingdu_dou.gitee.io/vuepress-lingdu-v2","--","60.166.102.40","2123315922450136524","未知","1","http://lingdu_dou.gitee.io/vuepress-lingdu-v2","2023/06/05 08:45:40","老访客","1","Win 10","电信","Google Chrome","中文(简体)","","24-bit","","支持","不支持","2023-06-05 08:45:41","未知","http://lingdu_dou.gitee.io/vuepress-lingdu-v2"
"120","2023/06/02 18:04:56","合肥","https://gitee.com/lingdu_dou/vuepress-lingdu-v2/pages","http://lingdu_dou.gitee.io/vuepress-lingdu-v2","--","60.166.104.192","2123315922450136524","122s","2","http://lingdu_dou.gitee.io/vuepress-lingdu-v2","2023/06/02 18:04:13","老访客","24","Win 10","电信","Google Chrome","中文(简体)","","24-bit","","支持","不支持","2023-06-02 18:04:56","3s","http://lingdu_dou.gitee.io/vuepress-lingdu-v2"
,,,,,,,,,,,,,,,,,,,,,,,"2023-06-02 18:04:59","119s","http://lingdu_dou.gitee.io/vuepress-lingdu-v2"
"121","2023/06/02 18:04:13","合肥","直接访问","https://lingdu990130556.github.io/vuepress-lingdu-v2","--","60.166.104.192","2123315922450136524","36s","3","https://lingdu990130556.github.io/vuepress-lingdu-v2","2023/06/02 17:12:17","老访客","23","Win 10","电信","Google Chrome","中文(简体)","","24-bit","","支持","不支持","2023-06-02 18:04:13","8s","https://lingdu990130556.github.io/vuepress-lingdu-v2"
,,,,,,,,,,,,,,,,,,,,,,,"2023-06-02 18:04:22","15s","https://lingdu990130556.github.io/vuepress-lingdu-v2"
,,,,,,,,,,,,,,,,,,,,,,,"2023-06-02 18:04:38","11s","https://lingdu990130556.github.io/vuepress-lingdu-v2"
"122","2023/06/02 17:12:17","合肥","直接访问","https://lingdu990130556.github.io/vuepress-lingdu-v2","--","60.166.104.192","2123315922450136524","120s","1","https://lingdu990130556.github.io/vuepress-lingdu-v2","2023/06/02 17:11:50","老访客","22","Win 10","电信","Google Chrome","中文(简体)","","24-bit","","支持","不支持","2023-06-02 17:12:17","120s","https://lingdu990130556.github.io/vuepress-lingdu-v2"
"123","2023/06/02 17:11:50","合肥","https://gitee.com/lingdu_dou/vuepress-lingdu-v2/pages","http://lingdu_dou.gitee.io/vuepress-lingdu-v2","--","60.166.104.192","2123315922450136524","13s","2","http://lingdu_dou.gitee.io/vuepress-lingdu-v2","2023/06/02 17:02:03","老访客","21","Win 10","电信","Google Chrome","中文(简体)","","24-bit","","支持","不支持","2023-06-02 17:11:50","7s","http://lingdu_dou.gitee.io/vuepress-lingdu-v2"
,,,,,,,,,,,,,,,,,,,,,,,"2023-06-02 17:11:57","6s","http://lingdu_dou.gitee.io/vuepress-lingdu-v2"
"124","2023/06/02 17:02:03","合肥","直接访问","https://lingdu990130556.github.io/vuepress-lingdu-v2","--","60.166.104.192","2123315922450136524","528s","5","https://lingdu990130556.github.io/vuepress-lingdu-v2","2023/06/02 16:55:42","老访客","20","Win 10","电信","Google Chrome","中文(简体)","","24-bit","","支持","不支持","2023-06-02 17:02:03","493s","https://lingdu990130556.github.io/vuepress-lingdu-v2"
,,,,,,,,,,,,,,,,,,,,,,,"2023-06-02 17:10:16","10s","https://lingdu990130556.github.io/vuepress-lingdu-v2"
,,,,,,,,,,,,,,,,,,,,,,,"2023-06-02 17:10:27","14s","https://lingdu990130556.github.io/vuepress-lingdu-v2"
,,,,,,,,,,,,,,,,,,,,,,,"2023-06-02 17:10:43","7s","https://lingdu990130556.github.io/vuepress-lingdu-v2"
,,,,,,,,,,,,,,,,,,,,,,,"2023-06-02 17:10:51","未知","https://lingdu990130556.github.io/vuepress-lingdu-v2"
"125","2023/06/02 16:55:42","合肥","https://gitee.com/lingdu_dou/vuepress-lingdu-v2/pages","http://lingdu_dou.gitee.io/vuepress-lingdu-v2","--","60.166.104.192","2123315922450136524","15s","2","http://lingdu_dou.gitee.io/vuepress-lingdu-v2","2023/06/02 16:42:04","老访客","19","Win 10","电信","Google Chrome","中文(简体)","","24-bit","","支持","不支持","2023-06-02 16:55:42","8s","http://lingdu_dou.gitee.io/vuepress-lingdu-v2"
,,,,,,,,,,,,,,,,,,,,,,,"2023-06-02 16:55:50","7s","http://lingdu_dou.gitee.io/vuepress-lingdu-v2"
"126","2023/06/02 16:42:04","合肥","直接访问","https://lingdu990130556.github.io/vuepress-lingdu-v2","--","60.166.104.192","2123315922450136524","817s","11","https://lingdu990130556.github.io/vuepress-lingdu-v2","2023/06/02 15:57:06","老访客","18","Win 10","电信","Google Chrome","中文(简体)","","24-bit","","支持","不支持","2023-06-02 16:42:04","12s","https://lingdu990130556.github.io/vuepress-lingdu-v2"
,,,,,,,,,,,,,,,,,,,,,,,"2023-06-02 16:42:20","5s","https://lingdu990130556.github.io/vuepress-lingdu-v2"
,,,,,,,,,,,,,,,,,,,,,,,"2023-06-02 16:42:26","323s","https://lingdu990130556.github.io/vuepress-lingdu-v2"
,,,,,,,,,,,,,,,,,,,,,,,"2023-06-02 16:47:49","15s","https://lingdu990130556.github.io/vuepress-lingdu-v2"
,,,,,,,,,,,,,,,,,,,,,,,"2023-06-02 16:48:05","114s","https://lingdu990130556.github.io/vuepress-lingdu-v2"
,,,,,,,,,,,,,,,,,,,,,,,"2023-06-02 16:49:59","7s","https://lingdu990130556.github.io/vuepress-lingdu-v2"
,,,,,,,,,,,,,,,,,,,,,,,"2023-06-02 16:50:07","18s","https://lingdu990130556.github.io/vuepress-lingdu-v2"
,,,,,,,,,,,,,,,,,,,,,,,"2023-06-02 16:50:26","17s","https://lingdu990130556.github.io/vuepress-lingdu-v2"
,,,,,,,,,,,,,,,,,,,,,,,"2023-06-02 16:50:44","216s","https://lingdu990130556.github.io/vuepress-lingdu-v2"
,,,,,,,,,,,,,,,,,,,,,,,"2023-06-02 16:54:21","7s","https://lingdu990130556.github.io/vuepress-lingdu-v2"
,,,,,,,,,,,,,,,,,,,,,,,"2023-06-02 16:54:28","73s","https://lingdu990130556.github.io/vuepress-lingdu-v2"
"127","2023/06/02 15:57:06","合肥","https://gitee.com/lingdu_dou/vuepress-lingdu-v2/pages","http://lingdu_dou.gitee.io/vuepress-lingdu-v2","--","60.166.104.192","2123315922450136524","24s","4","http://lingdu_dou.gitee.io/vuepress-lingdu-v2","2023/06/02 15:54:28","老访客","17","Win 10","电信","Google Chrome","中文(简体)","","24-bit","","支持","不支持","2023-06-02 15:57:06","4s","http://lingdu_dou.gitee.io/vuepress-lingdu-v2"
,,,,,,,,,,,,,,,,,,,,,,,"2023-06-02 15:57:10","5s","http://lingdu_dou.gitee.io/vuepress-lingdu-v2"
,,,,,,,,,,,,,,,,,,,,,,,"2023-06-02 15:57:16","14s","http://lingdu_dou.gitee.io/vuepress-lingdu-v2"
,,,,,,,,,,,,,,,,,,,,,,,"2023-06-02 15:57:30","未知","http://lingdu_dou.gitee.io/vuepress-lingdu-v2"
"128","2023/06/02 15:54:28","合肥","直接访问","https://lingdu990130556.github.io/vuepress-lingdu-v2","--","60.166.104.192","2123315922450136524","32s","2","https://lingdu990130556.github.io/vuepress-lingdu-v2","2023/06/02 15:14:00","老访客","16","Win 10","电信","Google Chrome","中文(简体)","","24-bit","","支持","不支持","2023-06-02 15:54:28","16s","https://lingdu990130556.github.io/vuepress-lingdu-v2"
,,,,,,,,,,,,,,,,,,,,,,,"2023-06-02 15:54:44","16s","https://lingdu990130556.github.io/vuepress-lingdu-v2"
"129","2023/06/02 15:15:10","合肥","http://linchenggu.gitee.io","https://lingdu990130556.github.io/doc-page","--","36.7.136.126","2166452950474368112","120s","1","https://lingdu990130556.github.io/doc-page","首次访问","新访客","1","Win 10","","Google Chrome","中文(简体)","1920x1080","24-bit","","支持","不支持","2023-06-02 15:15:10","120s","https://lingdu990130556.github.io/doc-page"
"130","2023/06/02 15:14:00","合肥","直接访问","https://lingdu990130556.github.io/vuepress-lingdu-v2","--","60.166.104.192","2123315922450136524","502s","3","https://lingdu990130556.github.io/vuepress-lingdu-v2","2023/06/02 15:04:34","老访客","15","Win 10","电信","Google Chrome","中文(简体)","","24-bit","","支持","不支持","2023-06-02 15:14:00","44s","https://lingdu990130556.github.io/vuepress-lingdu-v2"
,,,,,,,,,,,,,,,,,,,,,,,"2023-06-02 15:14:46","290s","https://lingdu990130556.github.io/vuepress-lingdu-v2"
,,,,,,,,,,,,,,,,,,,,,,,"2023-06-02 15:19:36","166s","https://lingdu990130556.github.io/vuepress-lingdu-v2"
"131","2023/06/02 15:04:34","合肥","直接访问","http://lingdu_dou.gitee.io/vuepress-lingdu-v2","--","60.166.104.192","2123315922450136524","120s","1","http://lingdu_dou.gitee.io/vuepress-lingdu-v2","2023/06/02 14:41:38","老访客","14","Win 10","电信","Google Chrome","中文(简体)","","24-bit","","支持","不支持","2023-06-02 15:04:34","120s","http://lingdu_dou.gitee.io/vuepress-lingdu-v2"
"132","2023/06/02 14:41:38","合肥","https://github.com/lingdu990130556/vuepress-lingdu-v2/settings/pages","https://lingdu990130556.github.io/vuepress-lingdu-v2","--","60.166.104.192","2123315922450136524","310s","12","https://lingdu990130556.github.io/vuepress-lingdu-v2","2023/06/02 14:22:00","老访客","13","Win 10","电信","Google Chrome","中文(简体)","","24-bit","","支持","不支持","2023-06-02 14:41:38","5s","https://lingdu990130556.github.io/vuepress-lingdu-v2"
,,,,,,,,,,,,,,,,,,,,,,,"2023-06-02 14:41:43","11s","https://lingdu990130556.github.io/vuepress-lingdu-v2"
,,,,,,,,,,,,,,,,,,,,,,,"2023-06-02 14:41:55","26s","https://lingdu990130556.github.io/vuepress-lingdu-v2"
,,,,,,,,,,,,,,,,,,,,,,,"2023-06-02 14:42:21","4s","https://lingdu990130556.github.io/vuepress-lingdu-v2"
,,,,,,,,,,,,,,,,,,,,,,,"2023-06-02 14:42:25","3s","https://lingdu990130556.github.io/vuepress-lingdu-v2"
,,,,,,,,,,,,,,,,,,,,,,,"2023-06-02 14:42:29","9s","https://lingdu990130556.github.io/vuepress-lingdu-v2"
,,,,,,,,,,,,,,,,,,,,,,,"2023-06-02 14:42:39","14s","https://lingdu990130556.github.io/vuepress-lingdu-v2"
,,,,,,,,,,,,,,,,,,,,,,,"2023-06-02 14:42:54","31s","https://lingdu990130556.github.io/vuepress-lingdu-v2"
,,,,,,,,,,,,,,,,,,,,,,,"2023-06-02 14:43:26","46s","https://lingdu990130556.github.io/vuepress-lingdu-v2"
,,,,,,,,,,,,,,,,,,,,,,,"2023-06-02 14:44:12","32s","https://lingdu990130556.github.io/vuepress-lingdu-v2"
,,,,,,,,,,,,,,,,,,,,,,,"2023-06-02 14:44:45","97s","https://lingdu990130556.github.io/vuepress-lingdu-v2"
,,,,,,,,,,,,,,,,,,,,,,,"2023-06-02 14:46:23","25s","https://lingdu990130556.github.io/vuepress-lingdu-v2"
"133","2023/06/02 14:22:00","合肥","直接访问","http://lingdu_dou.gitee.io/vuepress-lingdu-v2","--","60.166.104.192","2123315922450136524","120s","1","http://lingdu_dou.gitee.io/vuepress-lingdu-v2","2023/06/02 14:21:58","老访客","12","Win 10","电信","Google Chrome","中文(简体)","","24-bit","","支持","不支持","2023-06-02 14:22:00","120s","http://lingdu_dou.gitee.io/vuepress-lingdu-v2"
"134","2023/06/02 14:21:58","合肥","https://github.com/lingdu990130556/vuepress-lingdu-v2/settings/pages","https://lingdu990130556.github.io/vuepress-lingdu-v2","--","60.166.104.192","2123315922450136524","未知","1","https://lingdu990130556.github.io/vuepress-lingdu-v2","2023/06/02 10:02:36","老访客","11","Win 10","电信","Google Chrome","中文(简体)","","24-bit","","支持","不支持","2023-06-02 14:21:58","未知","https://lingdu990130556.github.io/vuepress-lingdu-v2"
"135","2023/06/02 10:02:36","合肥","https://github.com/lingdu990130556/vuepress-lingdu-v2/settings/pages","https://lingdu990130556.github.io/vuepress-lingdu-v2","--","60.166.104.192","2123315922450136524","120s","1","https://lingdu990130556.github.io/vuepress-lingdu-v2","2023/06/02 09:53:20","老访客","10","Win 10","电信","Google Chrome","中文(简体)","","24-bit","","支持","不支持","2023-06-02 10:02:36","120s","https://lingdu990130556.github.io/vuepress-lingdu-v2"
"136","2023/06/02 09:53:20","合肥","直接访问","https://lingdu990130556.github.io/vuepress-lingdu-v2","--","60.166.104.192","2123315922450136524","11s","1","https://lingdu990130556.github.io/vuepress-lingdu-v2","2023/06/02 09:52:38","老访客","9","Win 10","电信","Google Chrome","中文(简体)","","24-bit","","支持","不支持","2023-06-02 09:53:20","11s","https://lingdu990130556.github.io/vuepress-lingdu-v2"
"137","2023/06/02 09:52:38","合肥","直接访问","http://lingdu_dou.gitee.io/vuepress-lingdu-v2","--","60.166.104.192","2123315922450136524","未知","1","http://lingdu_dou.gitee.io/vuepress-lingdu-v2","2023/06/02 09:49:29","老访客","8","Win 10","电信","Google Chrome","中文(简体)","","24-bit","","支持","不支持","2023-06-02 09:52:38","未知","http://lingdu_dou.gitee.io/vuepress-lingdu-v2"
"138","2023/06/02 09:49:29","合肥","直接访问","https://lingdu990130556.github.io/vuepress-lingdu-v2","--","60.166.104.192","2123315922450136524","196s","5","https://lingdu990130556.github.io/vuepress-lingdu-v2","2023/06/02 09:49:08","老访客","7","Win 10","电信","Google Chrome","中文(简体)","","24-bit","","支持","不支持","2023-06-02 09:49:29","9s","https://lingdu990130556.github.io/vuepress-lingdu-v2"
,,,,,,,,,,,,,,,,,,,,,,,"2023-06-02 09:49:39","6s","https://lingdu990130556.github.io/vuepress-lingdu-v2/space"
,,,,,,,,,,,,,,,,,,,,,,,"2023-06-02 09:49:45","35s","https://lingdu990130556.github.io/vuepress-lingdu-v2/space"
,,,,,,,,,,,,,,,,,,,,,,,"2023-06-02 09:51:43","32s","https://lingdu990130556.github.io/vuepress-lingdu-v2"
,,,,,,,,,,,,,,,,,,,,,,,"2023-06-02 09:52:25","20s","https://lingdu990130556.github.io/vuepress-lingdu-v2"
"139","2023/06/02 09:49:08","合肥","直接访问","http://lingdu_dou.gitee.io/vuepress-lingdu-v2","--","60.166.104.192","2123315922450136524","未知","1","http://lingdu_dou.gitee.io/vuepress-lingdu-v2","2023/06/02 09:47:37","老访客","6","Win 10","电信","Google Chrome","中文(简体)","","24-bit","","支持","不支持","2023-06-02 09:49:08","未知","http://lingdu_dou.gitee.io/vuepress-lingdu-v2"
"140","2023/06/02 09:47:37","合肥","http://localhost:8080","https://lingdu990130556.github.io/vuepress-lingdu-v2/html/huaban/index.html","--","60.166.104.192","2123315922450136524","31s","2","https://lingdu990130556.github.io/vuepress-lingdu-v2/html/huaban/index.html","2023/06/02 09:45:25","老访客","5","Win 10","电信","Google Chrome","中文(简体)","","24-bit","","支持","不支持","2023-06-02 09:47:37","12s","https://lingdu990130556.github.io/vuepress-lingdu-v2/html/huaban/index.html"
,,,,,,,,,,,,,,,,,,,,,,,"2023-06-02 09:47:56","12s","https://lingdu990130556.github.io/vuepress-lingdu-v2/html/huaban/index.html"
"141","2023/06/02 09:45:25","合肥","http://localhost:8080","http://lingdu_dou.gitee.io/vuepress-lingdu-v2/html/huaban/index.html","--","60.166.104.192","2123315922450136524","131s","1","http://lingdu_dou.gitee.io/vuepress-lingdu-v2/html/huaban/index.html","2023/06/02 09:25:18","老访客","4","Win 10","电信","Google Chrome","中文(简体)","","24-bit","","支持","不支持","2023-06-02 09:45:25","131s","http://lingdu_dou.gitee.io/vuepress-lingdu-v2/html/huaban/index.html"
"142","2023/06/02 09:25:18","合肥","https://gitee.com/lingdu_dou/vuepress-lingdu-v2/pages","http://lingdu_dou.gitee.io/vuepress-lingdu-v2","--","60.166.104.192","2123315922450136524","914s","3","http://lingdu_dou.gitee.io/vuepress-lingdu-v2/bookmark","2023/06/02 09:06:03","老访客","3","Win 10","电信","Google Chrome","中文(简体)","","24-bit","","支持","不支持","2023-06-02 09:25:18","4s","http://lingdu_dou.gitee.io/vuepress-lingdu-v2"
,,,,,,,,,,,,,,,,,,,,,,,"2023-06-02 09:25:23","13s","http://lingdu_dou.gitee.io/vuepress-lingdu-v2"
,,,,,,,,,,,,,,,,,,,,,,,"2023-06-02 09:25:53","879s","http://lingdu_dou.gitee.io/vuepress-lingdu-v2/bookmark"
"143","2023/06/02 09:06:03","合肥","直接访问","https://lingdu990130556.github.io/vuepress-lingdu-v2","--","60.166.104.192","2123315922450136524","672s","5","https://lingdu990130556.github.io/vuepress-lingdu-v2","2023/06/02 08:28:33","老访客","2","Win 10","电信","Google Chrome","中文(简体)","","24-bit","","支持","不支持","2023-06-02 09:06:03","24s","https://lingdu990130556.github.io/vuepress-lingdu-v2"
,,,,,,,,,,,,,,,,,,,,,,,"2023-06-02 09:06:28","144s","https://lingdu990130556.github.io/vuepress-lingdu-v2"
,,,,,,,,,,,,,,,,,,,,,,,"2023-06-02 09:08:52","135s","https://lingdu990130556.github.io/vuepress-lingdu-v2"
,,,,,,,,,,,,,,,,,,,,,,,"2023-06-02 09:11:07","234s","https://lingdu990130556.github.io/vuepress-lingdu-v2"
,,,,,,,,,,,,,,,,,,,,,,,"2023-06-02 09:15:01","134s","https://lingdu990130556.github.io/vuepress-lingdu-v2"
"144","2023/06/02 08:28:33","合肥","直接访问","http://lingdu_dou.gitee.io/vuepress-lingdu-v2","--","60.166.104.192","2123315922450136524","120s","1","http://lingdu_dou.gitee.io/vuepress-lingdu-v2","2023/06/02 08:28:33","老访客","1","Win 10","电信","Google Chrome","中文(简体)","","24-bit","","支持","不支持","2023-06-02 08:28:33","120s","http://lingdu_dou.gitee.io/vuepress-lingdu-v2"
"145","2023/06/02 03:50:17","合肥","直接访问","http://lingdu_dou.gitee.io/vuepress-lingdu-v2","--","112.32.50.160","1899763742588940568","620s","1","http://lingdu_dou.gitee.io/vuepress-lingdu-v2","2023/05/29 19:06:04","老访客","1","Android 12.0","移动","微信浏览器","中文(简体)","","24-bit","","支持","不支持","2023-06-02 03:50:17","620s","http://lingdu_dou.gitee.io/vuepress-lingdu-v2"

