,访问时间,地域,来源,入口页面,搜索词,访问IP,访客标识码,访问时长,访问页数,最后停留在,上一次访问时间,访问类型,访问频次,操作系统,网络服务商,浏览器,语言环境,屏幕分辨率,屏幕颜色,Flash版本,是否支持Cookie,是否支持JAVA,打开时间,停留时长,页面地址
您在使用百度统计服务过程中看到搜索词或者关键词，仅能用于站长的SEO或SEM优化，不得用于其他商业用途或者不正当用途。,,,,,,,,,,,,,,,,,,,,,,,,,
1,2023/6/28 11:00,合肥,https://gitee.com/lingdu990130556/vuepress-lingdu-v2,http://lingdu990130556.gitee.io/vuepress-lingdu-v2/docs/boke/markdown/#%E8%87%AA%E5%AE%9A%E4%B9%89%E5%AE%B9%E5%99%A8,--,60.166.104.216,1.91544E+18,35s,3,http://lingdu990130556.gitee.io/docs/boke/markdown/#%E4%B8%89%E3%80%81%E5%BC%95%E7%94%A8,2023/6/28 10:59,老访客,9,Win 10,电信,Google Chrome,中文(简体),,24-bit,,支持,不支持,11:00:30,35s,http://lingdu990130556.gitee.io/docs/boke/markdown/#%E8%87%AA%E5%AE%9A%E4%B9%89%E5%AE%B9%E5%99%A8
,,,,,,,,,,,,,,,,,,,,,,,11:01:05,正在访问,http://lingdu990130556.gitee.io/docs/boke/markdown/#%E4%B8%89%E3%80%81%E5%BC%95%E7%94%A8
2,2023/6/28 10:59,合肥,直接访问,http://localhost:8080/vuepress-lingdu-v2,--,60.166.104.216,1.91544E+18,34s,2,http://localhost:8080,2023/6/28 10:57,老访客,8,Win 10,电信,Google Chrome,中文(简体),,24-bit,,支持,不支持,10:59:56,17s,http://localhost:8080/vuepress-lingdu-v2
,,,,,,,,,,,,,,,,,,,,,,,11:00:13,17s,http://localhost:8080
3,2023/6/28 10:57,合肥,直接访问,http://lingdu990130556.gitee.io,--,60.166.104.216,1.91544E+18,正在访问s,1,http://lingdu990130556.gitee.io,2023/6/28 10:16,老访客,7,Win 10,电信,Google Chrome,中文(简体),,24-bit,,支持,不支持,10:57:49,正在访问,http://lingdu990130556.gitee.io
4,2023/6/28 10:16,合肥,直接访问,http://localhost:8080/vuepress-lingdu-v2,--,60.166.104.216,1.91544E+18,2443s,46,http://localhost:8080/vuepress-lingdu-v2,2023/6/28 10:14,老访客,6,Win 10,电信,Google Chrome,中文(简体),,24-bit,,支持,不支持,10:16:50,4s,http://localhost:8080/vuepress-lingdu-v2
,,,,,,,,,,,,,,,,,,,,,,,10:16:56,9s,http://localhost:8080/vuepress-lingdu-v2
,,,,,,,,,,,,,,,,,,,,,,,10:17:05,1s,http://localhost:8080/docs/boke/markdown
,,,,,,,,,,,,,,,,,,,,,,,10:17:06,3s,http://localhost:8080/docs/boke/markdown
,,,,,,,,,,,,,,,,,,,,,,,10:17:09,6s,http://localhost:8080/docs/boke/markdown/#%E8%87%AA%E5%AE%9A%E4%B9%89%E5%AE%B9%E5%99%A8
,,,,,,,,,,,,,,,,,,,,,,,10:17:15,1s,http://localhost:8080/docs/boke/markdown/#%E5%9B%9B%E3%80%81%E5%88%86%E5%89%B2%E7%BA%BF
,,,,,,,,,,,,,,,,,,,,,,,10:17:16,132s,http://localhost:8080/docs/boke/markdown/#%E4%BA%94%E3%80%81%E5%9B%BE%E7%89%87
,,,,,,,,,,,,,,,,,,,,,,,10:19:32,40s,http://localhost:8080/vuepress-lingdu-v2/docs/boke/markdown/#%E4%BA%94%E3%80%81%E5%9B%BE%E7%89%87
,,,,,,,,,,,,,,,,,,,,,,,10:32:16,38s,http://localhost:8080/vuepress-lingdu-v2
,,,,,,,,,,,,,,,,,,,,,,,10:32:57,167s,http://localhost:8080/vuepress-lingdu-v2/docs/boke/markdown/#%E4%BA%8C%E3%80%81%E5%AD%97%E4%BD%93
,,,,,,,,,,,,,,,,,,,,,,,10:35:46,7s,http://localhost:8080/vuepress-lingdu-v2/docs/boke/markdown/#%E4%BA%8C%E3%80%81%E5%AD%97%E4%BD%93
,,,,,,,,,,,,,,,,,,,,,,,10:35:53,1s,http://localhost:8080
,,,,,,,,,,,,,,,,,,,,,,,10:35:54,5s,http://localhost:8080
,,,,,,,,,,,,,,,,,,,,,,,10:35:59,2s,http://localhost:8080/docs/boke/markdown
,,,,,,,,,,,,,,,,,,,,,,,10:36:01,1s,http://localhost:8080/docs/boke/markdown/#%E4%B8%80%E3%80%81%E6%A0%87%E9%A2%98
,,,,,,,,,,,,,,,,,,,,,,,10:36:02,1s,http://localhost:8080/docs/me
,,,,,,,,,,,,,,,,,,,,,,,10:36:03,5s,http://localhost:8080/docs/me
,,,,,,,,,,,,,,,,,,,,,,,10:36:08,1s,http://localhost:8080/space
,,,,,,,,,,,,,,,,,,,,,,,10:36:09,3s,http://localhost:8080/space
,,,,,,,,,,,,,,,,,,,,,,,10:36:12,186s,http://localhost:8080/statstics/README1.html
,,,,,,,,,,,,,,,,,,,,,,,10:39:18,9s,http://localhost:8080/vuepress-lingdu-v2/statstics/README1.html
,,,,,,,,,,,,,,,,,,,,,,,10:39:27,12s,http://localhost:8080
,,,,,,,,,,,,,,,,,,,,,,,10:39:40,30s,http://localhost:8080/vuepress-lingdu-v2
,,,,,,,,,,,,,,,,,,,,,,,10:40:13,10s,http://localhost:8080/vuepress-lingdu-v2
,,,,,,,,,,,,,,,,,,,,,,,10:40:25,38s,http://localhost:8080/vuepress-lingdu-v2
,,,,,,,,,,,,,,,,,,,,,,,10:41:09,15s,http://localhost:8080/vuepress-lingdu-v2
,,,,,,,,,,,,,,,,,,,,,,,10:41:26,306s,http://localhost:8080/vuepress-lingdu-v2
,,,,,,,,,,,,,,,,,,,,,,,10:46:33,38s,http://localhost:8080/vuepress-lingdu-v2
,,,,,,,,,,,,,,,,,,,,,,,10:47:12,23s,http://localhost:8080/vuepress-lingdu-v2
,,,,,,,,,,,,,,,,,,,,,,,10:47:37,7s,http://localhost:8080/vuepress-lingdu-v2
,,,,,,,,,,,,,,,,,,,,,,,10:47:46,16s,http://localhost:8080/vuepress-lingdu-v2
,,,,,,,,,,,,,,,,,,,,,,,10:48:04,162s,http://localhost:8080/vuepress-lingdu-v2
,,,,,,,,,,,,,,,,,,,,,,,10:50:52,199s,http://localhost:8080/vuepress-lingdu-v2
,,,,,,,,,,,,,,,,,,,,,,,10:54:16,56s,http://localhost:8080/vuepress-lingdu-v2
,,,,,,,,,,,,,,,,,,,,,,,10:55:12,50s,http://localhost:8080
,,,,,,,,,,,,,,,,,,,,,,,10:56:06,7s,http://localhost:8080/vuepress-lingdu-v2
,,,,,,,,,,,,,,,,,,,,,,,10:56:13,9s,http://localhost:8080
,,,,,,,,,,,,,,,,,,,,,,,10:56:22,9s,http://localhost:8080
,,,,,,,,,,,,,,,,,,,,,,,10:56:31,6s,http://localhost:8080
,,,,,,,,,,,,,,,,,,,,,,,10:56:37,17s,http://localhost:8080
,,,,,,,,,,,,,,,,,,,,,,,10:56:54,1s,http://localhost:8080/docs/me
,,,,,,,,,,,,,,,,,,,,,,,10:56:55,5s,http://localhost:8080/docs/me
,,,,,,,,,,,,,,,,,,,,,,,10:57:00,7s,http://localhost:8080
,,,,,,,,,,,,,,,,,,,,,,,10:57:07,24s,http://localhost:8080
,,,,,,,,,,,,,,,,,,,,,,,10:57:33,正在访问,http://localhost:8080/vuepress-lingdu-v2
5,2023/6/28 10:14,合肥,https://gitee.com/lingdu990130556/vuepress-lingdu-v2,http://lingdu990130556.gitee.io/vuepress-lingdu-v2/docs/boke/markdown/#%E4%BA%8C%E3%80%81%E5%AD%97%E4%BD%93,--,60.166.104.216,1.91544E+18,28s,2,http://lingdu990130556.gitee.io/vuepress-lingdu-v2/docs/boke/markdown/#%E4%BA%8C%E3%80%81%E5%AD%97%E4%BD%93,2023/6/28 10:14,老访客,5,Win 10,电信,Google Chrome,中文(简体),,24-bit,,支持,不支持,10:14:47,14s,http://lingdu990130556.gitee.io/vuepress-lingdu-v2/docs/boke/markdown/#%E4%BA%8C%E3%80%81%E5%AD%97%E4%BD%93
,,,,,,,,,,,,,,,,,,,,,,,10:15:02,13s,http://lingdu990130556.gitee.io/vuepress-lingdu-v2/docs/boke/markdown/#%E4%BA%8C%E3%80%81%E5%AD%97%E4%BD%93
6,2023/6/28 10:14,合肥,直接访问,http://lingdu990130556.gitee.io/docs/boke/markdown/#%E4%BA%8C%E3%80%81%E5%AD%97%E4%BD%93,--,60.166.104.216,1.91544E+18,4s,2,http://lingdu990130556.gitee.io/docs/boke/markdown/#%E4%BA%8C%E3%80%81%E5%AD%97%E4%BD%93,2023/6/28 9:46,老访客,4,Win 10,电信,Google Chrome,中文(简体),,24-bit,,支持,不支持,10:14:43,4s,http://lingdu990130556.gitee.io/docs/boke/markdown/#%E4%BA%8C%E3%80%81%E5%AD%97%E4%BD%93
7,2023/6/28 9:46,合肥,直接访问,http://localhost:8080/vuepress-lingdu-v2,--,60.166.104.216,1.91544E+18,1528s,20,http://localhost:8080/vuepress-lingdu-v2,2023/6/28 9:45,老访客,3,Win 10,电信,Google Chrome,中文(简体),,24-bit,,支持,不支持,9:46:20,340s,http://localhost:8080/vuepress-lingdu-v2
,,,,,,,,,,,,,,,,,,,,,,,9:52:05,68s,http://localhost:8080/vuepress-lingdu-v2
,,,,,,,,,,,,,,,,,,,,,,,9:53:17,99s,http://localhost:8080/vuepress-lingdu-v2
,,,,,,,,,,,,,,,,,,,,,,,9:54:57,204s,http://localhost:8080/vuepress-lingdu-v2
,,,,,,,,,,,,,,,,,,,,,,,9:58:23,64s,http://localhost:8080/vuepress-lingdu-v2
,,,,,,,,,,,,,,,,,,,,,,,9:59:27,54s,http://localhost:8080
,,,,,,,,,,,,,,,,,,,,,,,10:00:22,16s,http://localhost:8080/vuepress-lingdu-v2
,,,,,,,,,,,,,,,,,,,,,,,10:00:38,1s,http://localhost:8080/docs/boke/markdown
,,,,,,,,,,,,,,,,,,,,,,,10:00:39,4s,http://localhost:8080/docs/boke/markdown
,,,,,,,,,,,,,,,,,,,,,,,10:00:43,5s,http://localhost:8080/docs/boke/markdown/#%E8%87%AA%E5%AE%9A%E4%B9%89%E5%AE%B9%E5%99%A8
,,,,,,,,,,,,,,,,,,,,,,,10:00:48,5s,http://localhost:8080/docs/boke/markdown/#%E5%88%97%E8%A1%A8%E5%B5%8C%E5%A5%97
,,,,,,,,,,,,,,,,,,,,,,,10:00:53,143s,http://localhost:8080
,,,,,,,,,,,,,,,,,,,,,,,10:00:54,144s,http://localhost:8080
,,,,,,,,,,,,,,,,,,,,,,,10:03:18,99s,http://localhost:8080/vuepress-lingdu-v2
,,,,,,,,,,,,,,,,,,,,,,,10:04:59,55s,http://localhost:8080/vuepress-lingdu-v2
,,,,,,,,,,,,,,,,,,,,,,,10:05:56,117s,http://localhost:8080/vuepress-lingdu-v2
,,,,,,,,,,,,,,,,,,,,,,,10:08:00,8s,http://localhost:8080/vuepress-lingdu-v2
,,,,,,,,,,,,,,,,,,,,,,,10:08:26,70s,http://localhost:8080/vuepress-lingdu-v2
,,,,,,,,,,,,,,,,,,,,,,,10:09:45,34s,http://localhost:8080/vuepress-lingdu-v2
,,,,,,,,,,,,,,,,,,,,,,,10:10:26,82s,http://localhost:8080/vuepress-lingdu-v2
8,2023/6/28 9:45,合肥,https://gitee.com/lingdu990130556/vuepress-lingdu-v2,http://lingdu990130556.gitee.io/vuepress-lingdu-v2/docs/boke/markdown/#%E4%BA%8C%E3%80%81%E5%AD%97%E4%BD%93,--,60.166.104.216,1.91544E+18,未知,1,http://lingdu990130556.gitee.io/vuepress-lingdu-v2/docs/boke/markdown/#%E4%BA%8C%E3%80%81%E5%AD%97%E4%BD%93,2023/6/28 9:42,老访客,2,Win 10,电信,Google Chrome,中文(简体),,24-bit,,支持,不支持,9:45:52,未知,http://lingdu990130556.gitee.io/vuepress-lingdu-v2/docs/boke/markdown/#%E4%BA%8C%E3%80%81%E5%AD%97%E4%BD%93
9,2023/6/28 9:42,合肥,直接访问,https://lingdu990130556.github.io,--,60.166.104.216,1.91544E+18,156s,5,https://lingdu990130556.github.io/vuepress-lingdu-v2,2023/6/28 8:19,老访客,1,Win 10,电信,Google Chrome,中文(简体),,24-bit,,支持,不支持,9:42:36,132s,https://lingdu990130556.github.io
,,,,,,,,,,,,,,,,,,,,,,,9:44:48,24s,https://lingdu990130556.github.io
,,,,,,,,,,,,,,,,,,,,,,,9:45:12,未知,https://lingdu990130556.github.io/vuepress-lingdu-v2
10,2023/6/28 9:40,合肥,直接访问,https://lingdu990130556.github.io/vuepress-lingdu-v2,--,60.166.104.216,2.19045E+18,85s,2,https://lingdu990130556.github.io,2023/6/28 9:37,老访客,12,Win 10,电信,Google Chrome,中文(简体),,24-bit,,支持,不支持,9:40:58,4s,https://lingdu990130556.github.io/vuepress-lingdu-v2
,,,,,,,,,,,,,,,,,,,,,,,9:41:02,81s,https://lingdu990130556.github.io
11,2023/6/28 9:37,合肥,直接访问,http://localhost:8080/vuepress-lingdu-v2,--,60.166.104.216,2.19045E+18,195s,4,http://localhost:8080/vuepress-lingdu-v2,2023/6/28 9:34,老访客,11,Win 10,电信,Google Chrome,中文(简体),,24-bit,,支持,不支持,9:37:04,12s,http://localhost:8080/vuepress-lingdu-v2
,,,,,,,,,,,,,,,,,,,,,,,9:37:17,14s,http://localhost:8080/vuepress-lingdu-v2
,,,,,,,,,,,,,,,,,,,,,,,9:37:33,164s,http://localhost:8080/vuepress-lingdu-v2
,,,,,,,,,,,,,,,,,,,,,,,9:40:19,未知,http://localhost:8080/vuepress-lingdu-v2
12,2023/6/28 9:34,合肥,直接访问,https://lingdu990130556.github.io/vuepress-lingdu-v2,--,60.166.104.216,2.19045E+18,120s,1,https://lingdu990130556.github.io/vuepress-lingdu-v2,2023/6/28 9:32,老访客,10,Win 10,电信,Google Chrome,中文(简体),,24-bit,,支持,不支持,9:34:38,120s,https://lingdu990130556.github.io/vuepress-lingdu-v2
13,2023/6/28 9:32,合肥,直接访问,http://lingdu990130556.gitee.io,--,60.166.104.216,2.19045E+18,54s,10,http://lingdu990130556.gitee.io,2023/6/28 9:08,老访客,9,Win 10,电信,Google Chrome,中文(简体),,24-bit,,支持,不支持,9:32:44,14s,http://lingdu990130556.gitee.io
,,,,,,,,,,,,,,,,,,,,,,,9:32:58,2s,http://lingdu990130556.gitee.io
,,,,,,,,,,,,,,,,,,,,,,,9:33:00,6s,http://lingdu990130556.gitee.io/docs/boke/markdown
,,,,,,,,,,,,,,,,,,,,,,,9:33:06,5s,http://lingdu990130556.gitee.io/docs/boke/markdown/#%E5%8D%81%E3%80%81%E6%B5%81%E7%A8%8B%E5%9B%BE
,,,,,,,,,,,,,,,,,,,,,,,9:33:11,4s,http://lingdu990130556.gitee.io/docs/boke/markdown/#%E5%88%97%E8%A1%A8%E5%B5%8C%E5%A5%97
,,,,,,,,,,,,,,,,,,,,,,,9:33:15,6s,http://lingdu990130556.gitee.io/docs/boke/markdown/#%E4%BA%94%E3%80%81%E5%9B%BE%E7%89%87
,,,,,,,,,,,,,,,,,,,,,,,9:33:21,8s,http://lingdu990130556.gitee.io/docs/boke/markdown/#%E4%BA%8C%E3%80%81%E5%AD%97%E4%BD%93
,,,,,,,,,,,,,,,,,,,,,,,9:33:29,9s,http://lingdu990130556.gitee.io
14,2023/6/28 9:08,合肥,直接访问,http://localhost:8080/vuepress-lingdu-v2,--,60.166.104.216,2.19045E+18,158s,3,http://localhost:8080/vuepress-lingdu-v2,2023/6/28 9:04,老访客,8,Win 10,电信,Google Chrome,中文(简体),,24-bit,,支持,不支持,9:08:08,8s,http://localhost:8080/vuepress-lingdu-v2
,,,,,,,,,,,,,,,,,,,,,,,9:08:17,92s,http://localhost:8080/vuepress-lingdu-v2
,,,,,,,,,,,,,,,,,,,,,,,9:09:56,50s,http://localhost:8080/vuepress-lingdu-v2
15,2023/6/28 9:04,合肥,https://gitee.com/lingdu990130556/vuepress-lingdu-v2,http://lingdu990130556.gitee.io/vuepress-lingdu-v2,--,60.166.104.216,2.19045E+18,120s,1,http://lingdu990130556.gitee.io/vuepress-lingdu-v2,2023/6/28 8:50,老访客,7,Win 10,电信,Google Chrome,中文(简体),,24-bit,,支持,不支持,9:04:03,120s,http://lingdu990130556.gitee.io/vuepress-lingdu-v2
16,2023/6/28 8:50,合肥,直接访问,http://lingdu990130556.gitee.io,--,60.166.104.216,2.19045E+18,802s,2,http://lingdu990130556.gitee.io,2023/6/28 8:28,老访客,6,Win 10,电信,Google Chrome,中文(简体),,24-bit,,支持,不支持,8:50:39,802s,http://lingdu990130556.gitee.io
17,2023/6/28 8:28,合肥,直接访问,http://localhost:8080/vuepress-lingdu-v2,--,60.166.104.216,2.19045E+18,489s,9,http://localhost:8080/vuepress-lingdu-v2,2023/6/28 8:28,老访客,5,Win 10,电信,Google Chrome,中文(简体),,24-bit,,支持,不支持,8:28:43,132s,http://localhost:8080/vuepress-lingdu-v2
,,,,,,,,,,,,,,,,,,,,,,,8:30:58,100s,http://localhost:8080/vuepress-lingdu-v2
,,,,,,,,,,,,,,,,,,,,,,,8:32:40,38s,http://localhost:8080/vuepress-lingdu-v2
,,,,,,,,,,,,,,,,,,,,,,,8:33:19,7s,http://localhost:8080/vuepress-lingdu-v2/docs/boke/markdown
,,,,,,,,,,,,,,,,,,,,,,,8:33:26,51s,http://localhost:8080/docs/boke/markdown/#%E4%BC%98%E7%82%B9
,,,,,,,,,,,,,,,,,,,,,,,8:34:19,7s,http://localhost:8080/vuepress-lingdu-v2/docs/boke/markdown/#%E4%BC%98%E7%82%B9
,,,,,,,,,,,,,,,,,,,,,,,8:34:26,90s,http://localhost:8080
,,,,,,,,,,,,,,,,,,,,,,,8:35:58,54s,http://localhost:8080/vuepress-lingdu-v2
18,2023/6/28 8:28,合肥,直接访问,https://lingdu_dou.gitee.io/vuepress-lingdu-v2,--,60.166.104.216,2.19045E+18,10s,2,https://lingdu_dou.gitee.io/vuepress-lingdu-v2,2023/6/28 8:22,老访客,4,Win 10,电信,Google Chrome,中文(简体),,24-bit,,支持,不支持,8:28:05,5s,https://lingdu_dou.gitee.io/vuepress-lingdu-v2
,,,,,,,,,,,,,,,,,,,,,,,8:28:11,4s,https://lingdu_dou.gitee.io/vuepress-lingdu-v2
19,2023/6/28 8:22,合肥,直接访问,http://localhost:8080/vuepress-lingdu-v2,--,60.166.104.216,2.19045E+18,348s,4,http://localhost:8080/vuepress-lingdu-v2,2023/6/28 8:19,老访客,3,Win 10,电信,Google Chrome,中文(简体),,24-bit,,支持,不支持,8:22:12,12s,http://localhost:8080/vuepress-lingdu-v2
,,,,,,,,,,,,,,,,,,,,,,,8:22:24,44s,http://localhost:8080
,,,,,,,,,,,,,,,,,,,,,,,8:23:08,287s,http://localhost:8080
,,,,,,,,,,,,,,,,,,,,,,,8:28:00,未知,http://localhost:8080/vuepress-lingdu-v2
20,2023/6/28 8:19,合肥,直接访问,https://lingdu990130556.github.io/vuepress-lingdu-v2,--,60.166.104.216,2.19045E+18,120s,1,https://lingdu990130556.github.io/vuepress-lingdu-v2,2023/6/28 8:19,老访客,2,Win 10,电信,Google Chrome,中文(简体),,24-bit,,支持,不支持,8:19:36,120s,https://lingdu990130556.github.io/vuepress-lingdu-v2
21,2023/6/28 8:19,合肥,直接访问,https://lingdu_dou.gitee.io,--,60.166.104.216,2.19045E+18,未知,2,https://lingdu_dou.gitee.io,2023/6/28 8:19,老访客,1,Win 10,电信,Google Chrome,中文(简体),,24-bit,,支持,不支持,8:19:24,未知,https://lingdu_dou.gitee.io
22,2023/6/27 18:48,北京,直接访问,https://lingdu_dou.gitee.io/vuepress-lingdu-v2/docs/me/qiuzhaoxin.html,--,36.159.241.20,2.13551E+18,289s,10,https://lingdu_dou.gitee.io/vuepress-lingdu-v2/statstics/README1.html,2023/6/27 18:16,新访客,3,Android 13.0,,微信浏览器,中文(简体),,24-bit,,支持,不支持,2023/6/27 18:48,97s,https://lingdu_dou.gitee.io/vuepress-lingdu-v2/docs/me/qiuzhaoxin.html
,,,,,,,,,,,,,,,,,,,,,,,2023/6/27 18:50,7s,https://lingdu_dou.gitee.io/docs/me/qiuzhaoxin.html
,,,,,,,,,,,,,,,,,,,,,,,2023/6/27 18:50,5s,https://lingdu_dou.gitee.io/docs/me/qiuzhaoxin.html
,,,,,,,,,,,,,,,,,,,,,,,2023/6/27 18:50,7s,https://lingdu_dou.gitee.io
,,,,,,,,,,,,,,,,,,,,,,,2023/6/27 18:50,34s,https://lingdu_dou.gitee.io
,,,,,,,,,,,,,,,,,,,,,,,2023/6/27 18:50,1s,https://lingdu_dou.gitee.io/statstics/README1.html
,,,,,,,,,,,,,,,,,,,,,,,2023/6/27 18:50,104s,https://lingdu_dou.gitee.io/statstics/README1.html
,,,,,,,,,,,,,,,,,,,,,,,2023/6/27 18:52,33s,https://lingdu_dou.gitee.io/vuepress-lingdu-v2/statstics/README1.html
23,2023/6/27 18:16,合肥,直接访问,https://lingdu990130556.github.io/vuepress-lingdu-v2,--,220.205.248.160,2.13551E+18,977s,3,https://lingdu990130556.github.io,2023/6/27 18:15,新访客,2,Android 13.0,联通,微信浏览器,中文(简体),,24-bit,,支持,不支持,2023/6/27 18:16,39s,https://lingdu990130556.github.io/vuepress-lingdu-v2
,,,,,,,,,,,,,,,,,,,,,,,2023/6/27 18:16,937s,https://lingdu990130556.github.io
24,2023/6/27 18:15,合肥,直接访问,https://lingdu_dou.gitee.io/vuepress-lingdu-v2,--,220.205.248.160,2.13551E+18,21s,1,https://lingdu_dou.gitee.io/vuepress-lingdu-v2,首次访问,新访客,1,Android 13.0,联通,微信浏览器,中文(简体),,24-bit,,支持,不支持,2023/6/27 18:15,21s,https://lingdu_dou.gitee.io/vuepress-lingdu-v2
25,2023/6/27 18:04,合肥,直接访问,https://lingdu990130556.github.io/vuepress-lingdu-v2,--,60.166.104.216,2.19045E+18,225s,3,https://lingdu990130556.github.io/docs/kaifa/redis,2023/6/27 18:00,新访客,30,Win 10,电信,Google Chrome,中文(简体),,24-bit,,支持,不支持,2023/6/27 18:04,225s,https://lingdu990130556.github.io/vuepress-lingdu-v2
,,,,,,,,,,,,,,,,,,,,,,,2023/6/27 18:05,2s,https://lingdu990130556.github.io/docs/kaifa/redis
,,,,,,,,,,,,,,,,,,,,,,,2023/6/27 18:05,183s,https://lingdu990130556.github.io/docs/kaifa/redis
26,2023/6/27 18:00,合肥,直接访问,https://lingdu_dou.gitee.io,--,60.166.104.216,2.19045E+18,101s,4,https://lingdu_dou.gitee.io/vuepress-lingdu-v2,2023/6/27 17:59,新访客,29,Win 10,电信,Google Chrome,中文(简体),,24-bit,,支持,不支持,2023/6/27 18:00,24s,https://lingdu_dou.gitee.io
,,,,,,,,,,,,,,,,,,,,,,,2023/6/27 18:00,46s,https://lingdu_dou.gitee.io/vuepress-lingdu-v2
,,,,,,,,,,,,,,,,,,,,,,,2023/6/27 18:01,30s,https://lingdu_dou.gitee.io/vuepress-lingdu-v2
27,2023/6/27 17:59,合肥,直接访问,https://lingdu990130556.github.io/vuepress-lingdu-v2,--,60.166.104.216,2.19045E+18,6s,2,https://lingdu990130556.github.io,2023/6/27 17:58,新访客,28,Win 10,电信,Google Chrome,中文(简体),,24-bit,,支持,不支持,2023/6/27 17:59,3s,https://lingdu990130556.github.io/vuepress-lingdu-v2
,,,,,,,,,,,,,,,,,,,,,,,2023/6/27 17:59,3s,https://lingdu990130556.github.io
28,2023/6/27 17:58,合肥,直接访问,https://lingdu_dou.gitee.io/vuepress-lingdu-v2,--,60.166.104.216,2.19045E+18,53s,4,https://lingdu_dou.gitee.io,2023/6/27 17:57,新访客,27,Win 10,电信,Google Chrome,中文(简体),,24-bit,,支持,不支持,2023/6/27 17:58,21s,https://lingdu_dou.gitee.io/vuepress-lingdu-v2
,,,,,,,,,,,,,,,,,,,,,,,2023/6/27 17:58,15s,https://lingdu_dou.gitee.io
,,,,,,,,,,,,,,,,,,,,,,,2023/6/27 17:58,11s,https://lingdu_dou.gitee.io
29,2023/6/27 17:57,合肥,直接访问,http://localhost:8080/vuepress-lingdu-v2,--,60.166.104.216,2.19045E+18,未知,1,http://localhost:8080/vuepress-lingdu-v2,2023/6/27 17:41,新访客,26,Win 10,电信,Google Chrome,中文(简体),,24-bit,,支持,不支持,2023/6/27 17:57,未知,http://localhost:8080/vuepress-lingdu-v2
30,2023/6/27 17:41,合肥,直接访问,https://lingdu_dou.gitee.io,--,60.166.104.216,2.19045E+18,884s,9,https://lingdu_dou.gitee.io,2023/6/27 17:35,新访客,25,Win 10,电信,Google Chrome,中文(简体),,24-bit,,支持,不支持,2023/6/27 17:41,683s,https://lingdu_dou.gitee.io
,,,,,,,,,,,,,,,,,,,,,,,2023/6/27 17:41,683s,https://lingdu_dou.gitee.io
,,,,,,,,,,,,,,,,,,,,,,,2023/6/27 17:53,75s,https://lingdu_dou.gitee.io/vuepress-lingdu-v2
,,,,,,,,,,,,,,,,,,,,,,,2023/6/27 17:54,8s,https://lingdu_dou.gitee.io
,,,,,,,,,,,,,,,,,,,,,,,2023/6/27 17:54,116s,https://lingdu_dou.gitee.io
,,,,,,,,,,,,,,,,,,,,,,,2023/6/27 17:56,未知,https://lingdu_dou.gitee.io
31,2023/6/27 17:35,合肥,直接访问,https://lingdu990130556.github.io/vuepress-lingdu-v2,--,60.166.104.216,2.19045E+18,10s,2,https://lingdu990130556.github.io,2023/6/27 17:29,新访客,24,Win 10,电信,Google Chrome,中文(简体),,24-bit,,支持,不支持,2023/6/27 17:35,5s,https://lingdu990130556.github.io/vuepress-lingdu-v2
,,,,,,,,,,,,,,,,,,,,,,,2023/6/27 17:35,5s,https://lingdu990130556.github.io
32,2023/6/27 17:29,合肥,直接访问,https://lingdu_dou.gitee.io/vuepress-lingdu-v2/docs/boke/markdown/#%E5%85%B6%E4%BB%96,--,60.166.104.216,2.19045E+18,380s,7,https://lingdu_dou.gitee.io/docs/boke/markdown/#%E5%85%B6%E4%BB%96,2023/6/27 17:27,新访客,23,Win 10,电信,Google Chrome,中文(简体),,24-bit,,支持,不支持,2023/6/27 17:29,80s,https://lingdu_dou.gitee.io/vuepress-lingdu-v2/docs/boke/markdown/#%E5%85%B6%E4%BB%96
,,,,,,,,,,,,,,,,,,,,,,,2023/6/27 17:30,4s,https://lingdu_dou.gitee.io/vuepress-lingdu-v2/docs/boke/markdown/#%E5%85%B6%E4%BB%96
,,,,,,,,,,,,,,,,,,,,,,,2023/6/27 17:30,62s,https://lingdu_dou.gitee.io/vuepress-lingdu-v2/docs/boke/markdown/#%E5%85%B6%E4%BB%96
,,,,,,,,,,,,,,,,,,,,,,,2023/6/27 17:32,17s,https://lingdu_dou.gitee.io/vuepress-lingdu-v2/docs/boke/markdown/#%E5%85%B6%E4%BB%96
,,,,,,,,,,,,,,,,,,,,,,,2023/6/27 17:32,163s,https://lingdu_dou.gitee.io/vuepress-lingdu-v2/docs/boke/markdown/#%E5%85%B6%E4%BB%96
,,,,,,,,,,,,,,,,,,,,,,,2023/6/27 17:35,53s,https://lingdu_dou.gitee.io/docs/boke/markdown/#%E5%85%B6%E4%BB%96
33,2023/6/27 17:27,合肥,直接访问,https://lingdu990130556.github.io,--,60.166.104.216,2.19045E+18,119s,3,https://lingdu990130556.github.io/vuepress-lingdu-v2,2023/6/27 17:19,新访客,22,Win 10,电信,Google Chrome,中文(简体),,24-bit,,支持,不支持,2023/6/27 17:27,60s,https://lingdu990130556.github.io
,,,,,,,,,,,,,,,,,,,,,,,2023/6/27 17:28,59s,https://lingdu990130556.github.io/vuepress-lingdu-v2
34,2023/6/27 17:19,合肥,直接访问,https://lingdu_dou.gitee.io/docs/boke/markdown/#%E5%85%B6%E4%BB%96,--,60.166.104.216,2.19045E+18,454s,4,https://lingdu_dou.gitee.io/docs/boke/markdown/#%E5%85%B6%E4%BB%96,2023/6/27 17:18,新访客,21,Win 10,电信,Google Chrome,中文(简体),,24-bit,,支持,不支持,2023/6/27 17:19,454s,https://lingdu_dou.gitee.io/docs/boke/markdown/#%E5%85%B6%E4%BB%96
,,,,,,,,,,,,,,,,,,,,,,,2023/6/27 17:26,未知,https://lingdu_dou.gitee.io/docs/boke/markdown/#%E5%85%B6%E4%BB%96
35,2023/6/27 17:18,合肥,直接访问,https://lingdu990130556.github.io/vuepress-lingdu-v2,--,60.166.104.216,2.19045E+18,未知,1,https://lingdu990130556.github.io/vuepress-lingdu-v2,2023/6/27 17:12,新访客,20,Win 10,电信,Google Chrome,中文(简体),,24-bit,,支持,不支持,2023/6/27 17:18,未知,https://lingdu990130556.github.io/vuepress-lingdu-v2
36,2023/6/27 17:12,合肥,直接访问,https://lingdu_dou.gitee.io,--,60.166.104.216,2.19045E+18,107s,7,https://lingdu_dou.gitee.io/docs/boke/markdown/#%E5%85%B6%E4%BB%96,2023/6/27 17:08,新访客,19,Win 10,电信,Google Chrome,中文(简体),,24-bit,,支持,不支持,2023/6/27 17:12,23s,https://lingdu_dou.gitee.io
,,,,,,,,,,,,,,,,,,,,,,,2023/6/27 17:13,60s,https://lingdu_dou.gitee.io
,,,,,,,,,,,,,,,,,,,,,,,2023/6/27 17:14,1s,https://lingdu_dou.gitee.io/docs/boke/markdown
,,,,,,,,,,,,,,,,,,,,,,,2023/6/27 17:14,5s,https://lingdu_dou.gitee.io/docs/boke/markdown
,,,,,,,,,,,,,,,,,,,,,,,2023/6/27 17:14,18s,https://lingdu_dou.gitee.io/docs/boke/markdown/#%E5%85%B6%E4%BB%96
37,2023/6/27 17:08,合肥,直接访问,https://lingdu990130556.github.io/vuepress-lingdu-v2,--,60.166.104.216,2.19045E+18,120s,1,https://lingdu990130556.github.io/vuepress-lingdu-v2,2023/6/27 17:00,新访客,18,Win 10,电信,Google Chrome,中文(简体),,24-bit,,支持,不支持,2023/6/27 17:08,120s,https://lingdu990130556.github.io/vuepress-lingdu-v2
38,2023/6/27 17:00,合肥,直接访问,https://lingdu_dou.gitee.io,--,60.166.104.216,2.19045E+18,480s,8,https://lingdu_dou.gitee.io/vuepress-lingdu-v2,2023/6/27 16:58,新访客,17,Win 10,电信,Google Chrome,中文(简体),,24-bit,,支持,不支持,2023/6/27 17:00,65s,https://lingdu_dou.gitee.io
,,,,,,,,,,,,,,,,,,,,,,,2023/6/27 17:01,181s,https://lingdu_dou.gitee.io
,,,,,,,,,,,,,,,,,,,,,,,2023/6/27 17:04,113s,https://lingdu_dou.gitee.io
,,,,,,,,,,,,,,,,,,,,,,,2023/6/27 17:06,119s,https://lingdu_dou.gitee.io/vuepress-lingdu-v2
,,,,,,,,,,,,,,,,,,,,,,,2023/6/27 17:08,未知,https://lingdu_dou.gitee.io/vuepress-lingdu-v2
39,2023/6/27 16:58,合肥,直接访问,https://lingdu990130556.github.io,--,60.166.104.216,2.19045E+18,122s,4,https://lingdu990130556.github.io,2023/6/27 16:46,新访客,16,Win 10,电信,Google Chrome,中文(简体),,24-bit,,支持,不支持,2023/6/27 16:58,122s,https://lingdu990130556.github.io
,,,,,,,,,,,,,,,,,,,,,,,2023/6/27 17:00,未知,https://lingdu990130556.github.io
40,2023/6/27 16:46,合肥,直接访问,http://lingdu_dou.gitee.io/vuepress-lingdu-v2,--,60.166.104.216,2.19045E+18,625s,6,https://lingdu_dou.gitee.io/vuepress-lingdu-v2,2023/6/27 16:44,新访客,15,Win 10,电信,Google Chrome,中文(简体),,24-bit,,支持,不支持,2023/6/27 16:46,8s,http://lingdu_dou.gitee.io/vuepress-lingdu-v2
,,,,,,,,,,,,,,,,,,,,,,,2023/6/27 16:47,75s,http://lingdu_dou.gitee.io
,,,,,,,,,,,,,,,,,,,,,,,2023/6/27 16:48,541s,https://lingdu_dou.gitee.io
,,,,,,,,,,,,,,,,,,,,,,,2023/6/27 16:57,未知,https://lingdu_dou.gitee.io/vuepress-lingdu-v2
41,2023/6/27 16:44,合肥,直接访问,https://lingdu990130556.github.io,--,60.166.104.216,2.19045E+18,133s,4,https://lingdu990130556.github.io,2023/6/27 16:42,新访客,14,Win 10,电信,Google Chrome,中文(简体),,24-bit,,支持,不支持,2023/6/27 16:44,133s,https://lingdu990130556.github.io
,,,,,,,,,,,,,,,,,,,,,,,2023/6/27 16:46,未知,https://lingdu990130556.github.io
42,2023/6/27 16:42,合肥,直接访问,http://lingdu_dou.gitee.io/vuepress-lingdu-v2,--,60.166.104.216,2.19045E+18,120s,1,http://lingdu_dou.gitee.io/vuepress-lingdu-v2,2023/6/27 16:42,新访客,13,Win 10,电信,Google Chrome,中文(简体),,24-bit,,支持,不支持,2023/6/27 16:42,120s,http://lingdu_dou.gitee.io/vuepress-lingdu-v2
43,2023/6/27 16:42,合肥,直接访问,https://lingdu990130556.github.io,--,60.166.104.216,2.19045E+18,未知,2,https://lingdu990130556.github.io,2023/6/27 16:39,新访客,12,Win 10,电信,Google Chrome,中文(简体),,24-bit,,支持,不支持,2023/6/27 16:42,未知,https://lingdu990130556.github.io
44,2023/6/27 16:39,合肥,直接访问,http://lingdu_dou.gitee.io,--,60.166.104.216,2.19045E+18,149s,6,http://lingdu_dou.gitee.io,2023/6/27 16:38,新访客,11,Win 10,电信,Google Chrome,中文(简体),,24-bit,,支持,不支持,2023/6/27 16:39,102s,http://lingdu_dou.gitee.io
,,,,,,,,,,,,,,,,,,,,,,,2023/6/27 16:41,5s,http://lingdu_dou.gitee.io
,,,,,,,,,,,,,,,,,,,,,,,2023/6/27 16:41,42s,http://lingdu_dou.gitee.io
45,2023/6/27 16:38,合肥,直接访问,https://lingdu990130556.github.io/vuepress-lingdu-v2,--,60.166.104.216,2.19045E+18,84s,3,https://lingdu990130556.github.io,2023/6/27 16:37,新访客,10,Win 10,电信,Google Chrome,中文(简体),,24-bit,,支持,不支持,2023/6/27 16:38,83s,https://lingdu990130556.github.io/vuepress-lingdu-v2
,,,,,,,,,,,,,,,,,,,,,,,2023/6/27 16:39,未知,https://lingdu990130556.github.io
46,2023/6/27 16:37,合肥,直接访问,http://localhost:8080/vuepress-lingdu-v2,--,60.166.104.216,2.19045E+18,未知,1,http://localhost:8080/vuepress-lingdu-v2,2023/6/27 16:37,新访客,9,Win 10,电信,Google Chrome,中文(简体),,24-bit,,支持,不支持,2023/6/27 16:37,未知,http://localhost:8080/vuepress-lingdu-v2
47,2023/6/27 16:37,合肥,直接访问,https://lingdu990130556.github.io/vuepress-lingdu-v2,--,60.166.104.216,2.19045E+18,未知,1,https://lingdu990130556.github.io/vuepress-lingdu-v2,2023/6/27 16:32,新访客,8,Win 10,电信,Google Chrome,中文(简体),,24-bit,,支持,不支持,2023/6/27 16:37,未知,https://lingdu990130556.github.io/vuepress-lingdu-v2
48,2023/6/27 16:32,合肥,直接访问,http://lingdu_dou.gitee.io,--,60.166.104.216,2.19045E+18,194s,4,https://lingdu_dou.gitee.io,2023/6/27 16:24,新访客,7,Win 10,电信,Google Chrome,中文(简体),,24-bit,,支持,不支持,2023/6/27 16:32,112s,http://lingdu_dou.gitee.io
,,,,,,,,,,,,,,,,,,,,,,,2023/6/27 16:34,21s,https://lingdu_dou.gitee.io
,,,,,,,,,,,,,,,,,,,,,,,2023/6/27 16:34,81s,https://lingdu_dou.gitee.io
49,2023/6/27 16:24,合肥,直接访问,https://lingdu990130556.github.io,--,60.166.104.216,2.19045E+18,461s,4,https://lingdu990130556.github.io,2023/6/27 16:24,新访客,6,Win 10,电信,Google Chrome,中文(简体),,24-bit,,支持,不支持,2023/6/27 16:24,461s,https://lingdu990130556.github.io
,,,,,,,,,,,,,,,,,,,,,,,2023/6/27 16:32,未知,https://lingdu990130556.github.io
50,2023/6/27 16:24,合肥,直接访问,http://localhost:8080/vuepress-lingdu-v2,--,60.166.104.216,2.19045E+18,15s,2,http://localhost:8080/vuepress-lingdu-v2,2023/6/27 16:23,新访客,5,Win 10,电信,Google Chrome,中文(简体),,24-bit,,支持,不支持,2023/6/27 16:24,6s,http://localhost:8080/vuepress-lingdu-v2
,,,,,,,,,,,,,,,,,,,,,,,2023/6/27 16:24,2s,http://localhost:8080/vuepress-lingdu-v2
51,2023/6/27 16:23,合肥,直接访问,http://lingdu_dou.gitee.io,--,60.166.104.216,2.19045E+18,12s,4,http://lingdu_dou.gitee.io,2023/6/27 16:12,新访客,4,Win 10,电信,Google Chrome,中文(简体),,24-bit,,支持,不支持,2023/6/27 16:23,8s,http://lingdu_dou.gitee.io
,,,,,,,,,,,,,,,,,,,,,,,2023/6/27 16:24,4s,http://lingdu_dou.gitee.io
52,2023/6/27 16:12,合肥,直接访问,http://localhost:8080/vuepress-lingdu-v2,--,60.166.104.216,2.19045E+18,697s,1,http://localhost:8080/vuepress-lingdu-v2,2023/6/27 14:23,新访客,3,Win 10,电信,Google Chrome,中文(简体),,24-bit,,支持,不支持,2023/6/27 16:12,697s,http://localhost:8080/vuepress-lingdu-v2
53,2023/6/27 14:23,合肥,直接访问,http://localhost:8080/vuepress-lingdu-v2,--,60.166.104.216,2.19045E+18,3798s,85,http://localhost:8080/vuepress-lingdu-v2,2023/6/27 11:41,新访客,2,Win 10,电信,Google Chrome,中文(简体),,24-bit,,支持,不支持,2023/6/27 14:23,12s,http://localhost:8080/vuepress-lingdu-v2
,,,,,,,,,,,,,,,,,,,,,,,2023/6/27 14:23,305s,http://localhost:8080/vuepress-lingdu-v2
,,,,,,,,,,,,,,,,,,,,,,,2023/6/27 14:28,179s,http://localhost:8080/vuepress-lingdu-v2
,,,,,,,,,,,,,,,,,,,,,,,2023/6/27 14:31,54s,http://localhost:8080/vuepress-lingdu-v2
,,,,,,,,,,,,,,,,,,,,,,,2023/6/27 14:32,97s,http://localhost:8080/vuepress-lingdu-v2
,,,,,,,,,,,,,,,,,,,,,,,2023/6/27 14:34,5s,http://localhost:8080/vuepress-lingdu-v2/docs/boke/markdown
,,,,,,,,,,,,,,,,,,,,,,,2023/6/27 14:34,2s,http://localhost:8080/docs/boke/markdown/#%E8%BF%99%E6%98%AF%E4%BA%8C%E7%BA%A7%E6%A0%87%E9%A2%98
,,,,,,,,,,,,,,,,,,,,,,,2023/6/27 14:34,1s,http://localhost:8080
,,,,,,,,,,,,,,,,,,,,,,,2023/6/27 14:34,13s,http://localhost:8080
,,,,,,,,,,,,,,,,,,,,,,,2023/6/27 14:34,1s,http://localhost:8080/docs/boke/markdown
,,,,,,,,,,,,,,,,,,,,,,,2023/6/27 14:34,3s,http://localhost:8080/docs/boke/markdown
,,,,,,,,,,,,,,,,,,,,,,,2023/6/27 14:34,4s,http://localhost:8080/docs/boke/markdown/#%E4%BA%8C%E3%80%81%E5%AD%97%E4%BD%93
,,,,,,,,,,,,,,,,,,,,,,,2023/6/27 14:34,1s,http://localhost:8080
,,,,,,,,,,,,,,,,,,,,,,,2023/6/27 14:34,68s,http://localhost:8080
,,,,,,,,,,,,,,,,,,,,,,,2023/6/27 14:36,17s,http://localhost:8080
,,,,,,,,,,,,,,,,,,,,,,,2023/6/27 14:36,260s,http://localhost:8080
,,,,,,,,,,,,,,,,,,,,,,,2023/6/27 14:40,7s,http://localhost:8080
,,,,,,,,,,,,,,,,,,,,,,,2023/6/27 14:40,107s,http://localhost:8080/vuepress-lingdu-v2
,,,,,,,,,,,,,,,,,,,,,,,2023/6/27 14:42,3s,http://localhost:8080/vuepress-lingdu-v2
,,,,,,,,,,,,,,,,,,,,,,,2023/6/27 14:42,68s,http://localhost:8080/vuepress-lingdu-v2
,,,,,,,,,,,,,,,,,,,,,,,2023/6/27 14:43,202s,http://localhost:8080/vuepress-lingdu-v2
,,,,,,,,,,,,,,,,,,,,,,,2023/6/27 14:47,153s,http://localhost:8080/vuepress-lingdu-v2
,,,,,,,,,,,,,,,,,,,,,,,2023/6/27 14:49,206s,http://localhost:8080/vuepress-lingdu-v2
,,,,,,,,,,,,,,,,,,,,,,,2023/6/27 14:53,108s,http://localhost:8080/vuepress-lingdu-v2
,,,,,,,,,,,,,,,,,,,,,,,2023/6/27 14:55,1s,http://localhost:8080/docs/boke/markdown
,,,,,,,,,,,,,,,,,,,,,,,2023/6/27 14:55,3s,http://localhost:8080/docs/boke/markdown
,,,,,,,,,,,,,,,,,,,,,,,2023/6/27 14:55,6s,http://localhost:8080/docs/boke/markdown/#%E4%B8%89%E3%80%81%E5%BC%95%E7%94%A8
,,,,,,,,,,,,,,,,,,,,,,,2023/6/27 14:55,6s,http://localhost:8080/docs/boke/markdown/#%E4%BA%94%E3%80%81%E5%9B%BE%E7%89%87
,,,,,,,,,,,,,,,,,,,,,,,2023/6/27 14:55,1s,http://localhost:8080/docs/boke/markdown/#%E8%87%AA%E5%AE%9A%E4%B9%89%E5%AE%B9%E5%99%A8
,,,,,,,,,,,,,,,,,,,,,,,2023/6/27 14:55,17s,http://localhost:8080
,,,,,,,,,,,,,,,,,,,,,,,2023/6/27 14:55,7s,http://localhost:8080
,,,,,,,,,,,,,,,,,,,,,,,2023/6/27 14:55,7s,http://localhost:8080/space
,,,,,,,,,,,,,,,,,,,,,,,2023/6/27 14:56,3s,http://localhost:8080/space/qzone/%E6%97%A5%E5%BF%97.html
,,,,,,,,,,,,,,,,,,,,,,,2023/6/27 14:56,2s,http://localhost:8080/space/qzone/%E6%97%A5%E5%BF%97.html#%E5%80%92%E5%BA%8F%E7%9A%84%E6%A2%A6
,,,,,,,,,,,,,,,,,,,,,,,2023/6/27 14:56,7s,http://localhost:8080/space/qzone/%E6%97%A5%E5%BF%97.html
,,,,,,,,,,,,,,,,,,,,,,,2023/6/27 14:56,2s,http://localhost:8080/space
,,,,,,,,,,,,,,,,,,,,,,,2023/6/27 14:56,2s,http://localhost:8080/space/qzone/%E6%97%A5%E5%BF%97.html
,,,,,,,,,,,,,,,,,,,,,,,2023/6/27 14:56,1s,http://localhost:8080/space/qzone/%E6%97%A5%E5%BF%97.html#%E5%80%92%E5%BA%8F%E7%9A%84%E6%A2%A6
,,,,,,,,,,,,,,,,,,,,,,,2023/6/27 14:56,1s,http://localhost:8080/plugin/%E7%95%99%E8%A8%80%E6%9D%BF.html
,,,,,,,,,,,,,,,,,,,,,,,2023/6/27 14:56,19s,http://localhost:8080/plugin/%E7%95%99%E8%A8%80%E6%9D%BF.html
,,,,,,,,,,,,,,,,,,,,,,,2023/6/27 14:56,4s,http://localhost:8080/docs/me
,,,,,,,,,,,,,,,,,,,,,,,2023/6/27 14:56,11s,http://localhost:8080/plugin/%E7%95%99%E8%A8%80%E6%9D%BF.html
,,,,,,,,,,,,,,,,,,,,,,,2023/6/27 14:56,2s,http://localhost:8080/space/qzone/%E6%97%A5%E5%BF%97.html
,,,,,,,,,,,,,,,,,,,,,,,2023/6/27 14:56,5s,http://localhost:8080/space/qzone/%E6%97%A5%E5%BF%97.html#%E5%80%92%E5%BA%8F%E7%9A%84%E6%A2%A6
,,,,,,,,,,,,,,,,,,,,,,,2023/6/27 14:57,2s,http://localhost:8080/docs/me
,,,,,,,,,,,,,,,,,,,,,,,2023/6/27 14:57,4s,http://localhost:8080/plugin/%E7%95%99%E8%A8%80%E6%9D%BF.html
,,,,,,,,,,,,,,,,,,,,,,,2023/6/27 14:57,4s,http://localhost:8080/space/qzone/%E6%97%A5%E5%BF%97.html
,,,,,,,,,,,,,,,,,,,,,,,2023/6/27 14:57,1s,http://localhost:8080/space/qzone/%E6%97%A5%E5%BF%97.html#%E5%80%92%E5%BA%8F%E7%9A%84%E6%A2%A6
,,,,,,,,,,,,,,,,,,,,,,,2023/6/27 14:57,4s,http://localhost:8080/space/qzone/%E6%97%A5%E5%BF%97.html#%E4%BA%BA%E4%B8%80%E7%94%9F
,,,,,,,,,,,,,,,,,,,,,,,2023/6/27 14:57,1s,http://localhost:8080/space/qzone/%E6%97%A5%E5%BF%97.html#%E6%A2%A6%E4%B8%8E%E7%8E%B0%E5%AE%9E
,,,,,,,,,,,,,,,,,,,,,,,2023/6/27 14:57,1s,http://localhost:8080/space/qzone/%E6%97%A5%E5%BF%97.html#%E5%B2%81%E5%AF%92
,,,,,,,,,,,,,,,,,,,,,,,2023/6/27 14:57,1s,http://localhost:8080/space/qzone/%E8%AF%B4%E8%AF%B4.html
,,,,,,,,,,,,,,,,,,,,,,,2023/6/27 14:57,1s,http://localhost:8080/space/qzone/%E8%AF%B4%E8%AF%B4.html
,,,,,,,,,,,,,,,,,,,,,,,2023/6/27 14:57,2s,http://localhost:8080/space/qzone/%E8%AF%B4%E8%AF%B4.html#%E6%91%94%E4%BA%86%E4%B8%80%E8%B7%A4
,,,,,,,,,,,,,,,,,,,,,,,2023/6/27 14:57,5s,http://localhost:8080/space/qzone/%E8%AF%B4%E8%AF%B4.html#%E3%80%8E%E7%A6%BB%E6%AE%87%E3%80%8F
,,,,,,,,,,,,,,,,,,,,,,,2023/6/27 14:57,4s,http://localhost:8080/space/qzone/%E8%AF%B4%E8%AF%B4.html
,,,,,,,,,,,,,,,,,,,,,,,2023/6/27 14:57,41s,http://localhost:8080/statstics/README1.html
,,,,,,,,,,,,,,,,,,,,,,,2023/6/27 14:58,12s,http://localhost:8080/statstics/%E7%99%BE%E5%BA%A6%E7%BB%9F%E8%AE%A1.html
,,,,,,,,,,,,,,,,,,,,,,,2023/6/27 14:58,5s,http://localhost:8080/docs/kaifa/maven
,,,,,,,,,,,,,,,,,,,,,,,2023/6/27 14:58,2s,http://localhost:8080/docs/kaifa/maven/%E9%95%9C%E5%83%8F%E4%BB%93%E5%BA%93.html
,,,,,,,,,,,,,,,,,,,,,,,2023/6/27 14:58,1s,http://localhost:8080/docs/kaifa/maven/%E9%95%9C%E5%83%8F%E4%BB%93%E5%BA%93.html#%E4%BC%81%E4%B8%9A%E9%95%9C%E5%83%8F
,,,,,,,,,,,,,,,,,,,,,,,2023/6/27 14:58,10s,http://localhost:8080/docs/kaifa/maven/%E9%95%9C%E5%83%8F%E4%BB%93%E5%BA%93.html#%E5%A4%A7%E5%AD%A6%E9%95%9C%E5%83%8F
,,,,,,,,,,,,,,,,,,,,,,,2023/6/27 14:58,2s,http://localhost:8080/docs/kaifa/maven/%E9%95%9C%E5%83%8F%E4%BB%93%E5%BA%93.html
,,,,,,,,,,,,,,,,,,,,,,,2023/6/27 14:58,124s,http://localhost:8080/docs/kaifa/maven/%E9%95%9C%E5%83%8F%E4%BB%93%E5%BA%93.html#%E5%A4%A7%E5%AD%A6%E9%95%9C%E5%83%8F
,,,,,,,,,,,,,,,,,,,,,,,2023/6/27 15:00,58s,http://localhost:8080/vuepress-lingdu-v2/docs/kaifa/maven/%E9%95%9C%E5%83%8F%E4%BB%93%E5%BA%93.html#%E5%A4%A7%E5%AD%A6%E9%95%9C%E5%83%8F
,,,,,,,,,,,,,,,,,,,,,,,2023/6/27 15:01,5s,http://localhost:8080/docs/kaifa/maven/%E9%95%9C%E5%83%8F%E4%BB%93%E5%BA%93.html#%E4%BC%81%E4%B8%9A%E9%95%9C%E5%83%8F
,,,,,,,,,,,,,,,,,,,,,,,2023/6/27 15:01,1s,http://localhost:8080/docs/kaifa/activiti/Activiti(%E4%B8%80)%E2%80%94%E2%80%94%E5%9F%BA%E6%9C%AC%E6%A6%82%E5%BF%B5.html
,,,,,,,,,,,,,,,,,,,,,,,2023/6/27 15:01,3s,http://localhost:8080/docs/kaifa/activiti/Activiti(%E4%B8%80)%E2%80%94%E2%80%94%E5%9F%BA%E6%9C%AC%E6%A6%82%E5%BF%B5.html
,,,,,,,,,,,,,,,,,,,,,,,2023/6/27 15:01,3s,http://localhost:8080/docs/kaifa/activiti/Activiti(%E4%B8%80)%E2%80%94%E2%80%94%E5%9F%BA%E6%9C%AC%E6%A6%82%E5%BF%B5.html#%E5%B7%A5%E4%BD%9C%E6%B5%81%E4%B8%AD%E7%9A%84%E6%A6%82%E5%BF%B5
,,,,,,,,,,,,,,,,,,,,,,,2023/6/27 15:01,3s,http://localhost:8080/docs/kaifa/activiti/Activiti(%E4%B8%80)%E2%80%94%E2%80%94%E5%9F%BA%E6%9C%AC%E6%A6%82%E5%BF%B5.html#%E5%B7%A5%E4%BD%9C%E6%B5%81%E4%BA%A7%E5%93%81
,,,,,,,,,,,,,,,,,,,,,,,2023/6/27 15:02,4s,http://localhost:8080/docs/kaifa/activiti/Activiti(%E4%B8%80)%E2%80%94%E2%80%94%E5%9F%BA%E6%9C%AC%E6%A6%82%E5%BF%B5.html#%E5%AE%9E%E9%AA%8C%E6%AD%A5%E9%AA%A4
,,,,,,,,,,,,,,,,,,,,,,,2023/6/27 15:02,54s,http://localhost:8080/docs/kaifa/activiti/Activiti(%E4%B8%80)%E2%80%94%E2%80%94%E5%9F%BA%E6%9C%AC%E6%A6%82%E5%BF%B5.html#activiti%E6%A1%86%E6%9E%B6%E8%A1%A8%E7%BB%93%E6%9E%84
,,,,,,,,,,,,,,,,,,,,,,,2023/6/27 15:02,19s,http://localhost:8080/docs/kaifa/activiti/Activiti(%E4%B8%80)%E2%80%94%E2%80%94%E5%9F%BA%E6%9C%AC%E6%A6%82%E5%BF%B5.html#%E5%AE%9E%E9%AA%8C%E6%AD%A5%E9%AA%A4
,,,,,,,,,,,,,,,,,,,,,,,2023/6/27 15:03,1s,http://localhost:8080/docs/kaifa/idea
,,,,,,,,,,,,,,,,,,,,,,,2023/6/27 15:03,3s,http://localhost:8080/docs/kaifa/idea
,,,,,,,,,,,,,,,,,,,,,,,2023/6/27 15:03,144s,http://localhost:8080/docs/kaifa/idea/#%E7%B1%BB%E6%B3%A8%E9%87%8A%E5%BF%AB%E6%8D%B7%E6%96%B9%E5%BC%8F%E7%94%9F%E6%88%90%E8%A1%A5%E5%85%A8%E6%A8%A1%E6%9D%BF%E8%AE%BE%E7%BD%AE
,,,,,,,,,,,,,,,,,,,,,,,2023/6/27 15:05,1s,http://localhost:8080
,,,,,,,,,,,,,,,,,,,,,,,2023/6/27 15:05,570s,http://localhost:8080
,,,,,,,,,,,,,,,,,,,,,,,2023/6/27 15:15,240s,http://localhost:8080/vuepress-lingdu-v2
,,,,,,,,,,,,,,,,,,,,,,,2023/6/27 15:19,4s,http://localhost:8080/vuepress-lingdu-v2
,,,,,,,,,,,,,,,,,,,,,,,2023/6/27 15:26,39s,http://localhost:8080/vuepress-lingdu-v2
54,2023/6/27 11:41,合肥,直接访问,http://lingdu_dou.gitee.io,--,60.166.104.216,2.19045E+18,263s,2,http://lingdu_dou.gitee.io,首次访问,新访客,1,Win 10,电信,Google Chrome,中文(简体),,24-bit,,支持,不支持,2023/6/27 11:41,263s,http://lingdu_dou.gitee.io
55,2023/6/26 16:13,苏州,直接访问,http://lingdu_dou.gitee.io/docs/java/%E8%AE%BE%E8%AE%A1%E6%A8%A1%E5%BC%8F.html,--,180.101.245.247,1.86331E+18,未知,2,http://lingdu_dou.gitee.io/docs/java/%E8%AE%BE%E8%AE%A1%E6%A8%A1%E5%BC%8F.html,首次访问,新访客,1,其他,电信,Google Chrome,中文(简体),1280x800,24-bit,,支持,不支持,2023/6/26 16:13,未知,http://lingdu_dou.gitee.io/docs/java/%E8%AE%BE%E8%AE%A1%E6%A8%A1%E5%BC%8F.html
1,2023/6/21 3:45,深圳,直接访问,http://lingdu_dou.gitee.io/docs/Kafka/KnowStreaming.html#_2-3%E3%80%81%E5%90%8E%E7%AB%AF%E5%8D%95%E7%8B%AC%E6%89%93%E5%8C%85,--,113.98.231.42,1.92E+18,未知,2,http://lingdu_dou.gitee.io/docs/Kafka/KnowStreaming.html#_2-3%E3%80%81%E5%90%8E%E7%AB%AF%E5%8D%95%E7%8B%AC%E6%89%93%E5%8C%85,2023/6/21 3:45,老访客,1,Win 10,电信,Google Chrome,中文(简体),1440x900,24-bit,,支持,不支持,3:45:00,未知,http://lingdu_dou.gitee.io/docs/Kafka/KnowStreaming.html#_2-3%E3%80%81%E5%90%8E%E7%AB%AF%E5%8D%95%E7%8B%AC%E6%89%93%E5%8C%85
2,2023/6/20 8:52,杭州,https://cn.bing.com,http://lingdu_dou.gitee.io/lingdu/docs/Kafka/KnowStreaming.html,--,218.75.120.34,2.14E+18,177s,32,http://lingdu_dou.gitee.io/docs/Kafka/KnowStreaming.html#_5-4-4cluster-绠＄,首次访问,新访客,1,Win 10,电信,Google Chrome,中文(简体),1536x864,24-bit,,支持,不支持,2023/6/20 8:52,1s,http://lingdu_dou.gitee.io/docs/Kafka/KnowStreaming.html
,,,,,,,,,,,,,,,,,,,,,,,2023/6/20 8:52,33s,http://lingdu_dou.gitee.io/docs/Kafka/KnowStreaming.html#_1澧淇℃
,,,,,,,,,,,,,,,,,,,,,,,2023/6/20 8:53,5s,http://lingdu_dou.gitee.io/docs/Kafka/KnowStreaming.html#_5-3-7璁剧
,,,,,,,,,,,,,,,,,,,,,,,2023/6/20 8:53,5s,http://lingdu_dou.gitee.io/docs/Kafka/KnowStreaming.html#_5-3-11板
,,,,,,,,,,,,,,,,,,,,,,,2023/6/20 8:53,10s,http://lingdu_dou.gitee.io/docs/Kafka/KnowStreaming.html#_5-4-4cluster-绠＄
,,,,,,,,,,,,,,,,,,,,,,,2023/6/20 8:53,3s,http://lingdu_dou.gitee.io/docs/Kafka/KnowStreaming.html#_5-4-3澶缇ょ＄
,,,,,,,,,,,,,,,,,,,,,,,2023/6/20 8:53,30s,http://lingdu_dou.gitee.io/docs/Kafka/KnowStreaming.html#_5-3-6topic-归杩绉
,,,,,,,,,,,,,,,,,,,,,,,2023/6/20 8:53,5s,http://lingdu_dou.gitee.io/docs/Kafka/KnowStreaming.html#_5-3-7璁剧
,,,,,,,,,,,,,,,,,,,,,,,2023/6/20 8:54,15s,http://lingdu_dou.gitee.io/docs/Kafka/KnowStreaming.html#_5-3-6topic-归杩绉
,,,,,,,,,,,,,,,,,,,,,,,2023/6/20 8:54,15s,http://lingdu_dou.gitee.io/docs/Kafka/KnowStreaming.html#_5-3-7璁剧
,,,,,,,,,,,,,,,,,,,,,,,2023/6/20 8:54,5s,http://lingdu_dou.gitee.io/docs/Kafka/KnowStreaming.html#_5-3-6topic-归杩绉
,,,,,,,,,,,,,,,,,,,,,,,2023/6/20 8:54,5s,http://lingdu_dou.gitee.io/docs/Kafka/KnowStreaming.html#_5-3-5topic-归╃缉
,,,,,,,,,,,,,,,,,,,,,,,2023/6/20 8:54,11s,http://lingdu_dou.gitee.io/docs/Kafka/KnowStreaming.html#_5-1芥舵
,,,,,,,,,,,,,,,,,,,,,,,2023/6/20 8:54,4s,http://lingdu_dou.gitee.io/docs/Kafka/KnowStreaming.html#_5-3-7璁剧
,,,,,,,,,,,,,,,,,,,,,,,2023/6/20 8:54,5s,http://lingdu_dou.gitee.io/docs/Kafka/KnowStreaming.html#_5-3-7璁剧
,,,,,,,,,,,,,,,,,,,,,,,2023/6/20 8:55,5s,http://lingdu_dou.gitee.io/docs/Kafka/KnowStreaming.html#_5-4-2绯荤绠＄
,,,,,,,,,,,,,,,,,,,,,,,2023/6/20 8:55,5s,http://lingdu_dou.gitee.io/docs/Kafka/KnowStreaming.html#_5-4-3澶缇ょ＄
,,,,,,,,,,,,,,,,,,,,,,,2023/6/20 8:55,5s,http://lingdu_dou.gitee.io/docs/Kafka/KnowStreaming.html#_5-3-6topic-归杩绉
,,,,,,,,,,,,,,,,,,,,,,,2023/6/20 8:55,1s,http://lingdu_dou.gitee.io/docs/Kafka/KnowStreaming.html#_5-3-6topic-归杩绉
,,,,,,,,,,,,,,,,,,,,,,,2023/6/20 8:55,4s,http://lingdu_dou.gitee.io/docs/Kafka/KnowStreaming.html#_5-3-6topic-归杩绉
,,,,,,,,,,,,,,,,,,,,,,,2023/6/20 8:55,5s,http://lingdu_dou.gitee.io/docs/Kafka/KnowStreaming.html#_5-4-4cluster-绠＄
3,2023/6/16 19:57,北京,直接访问,http://lingdu_dou.gitee.io,--,36.159.241.20,1.75E+18,721s,4,http://lingdu_dou.gitee.io,2023/6/7 18:44,老访客,1,Android 13.0,,微信浏览器,中文(简体),,24-bit,,支持,不支持,2023/6/16 19:57,465s,http://lingdu_dou.gitee.io
,,,,,,,,,,,,,,,,,,,,,,,2023/6/16 20:04,1s,http://lingdu_dou.gitee.io
,,,,,,,,,,,,,,,,,,,,,,,2023/6/16 20:04,255s,http://lingdu_dou.gitee.io
4,2023/6/16 17:44,合肥,直接访问,http://lingdu_dou.gitee.io,--,60.166.100.75,2.12E+18,2174s,6,http://lingdu_dou.gitee.io,2023/6/16 17:44,老访客,1,Win 10,电信,Google Chrome,中文(简体),,24-bit,,支持,不支持,2023/6/16 17:44,496s,http://lingdu_dou.gitee.io
,,,,,,,,,,,,,,,,,,,,,,,2023/6/16 17:52,1307s,http://lingdu_dou.gitee.io
,,,,,,,,,,,,,,,,,,,,,,,2023/6/16 18:14,371s,http://lingdu_dou.gitee.io
1,2023/6/15 8:49,郑州,直接访问,http://lingdu_dou.gitee.io/docs/Kafka/KnowStreaming.html,--,120.194.3.98,1.93E+18,503s,35,http://lingdu_dou.gitee.io/docs/Kafka/SASL%E8%AE%A4%E8%AF%81.html#涓,首次访问,新访客,1,Win 10,移动,Google Chrome,中文(简体),2560x1440,24-bit,,支持,不支持,8:49:59,28s,http://lingdu_dou.gitee.io/docs/Kafka/KnowStreaming.html
,,,,,,,,,,,,,,,,,,,,,,,8:50:27,32s,http://lingdu_dou.gitee.io/docs/Kafka/KnowStreaming.html#_1澧淇℃
,,,,,,,,,,,,,,,,,,,,,,,8:50:59,36s,http://lingdu_dou.gitee.io/docs/Kafka/KnowStreaming.html#_2-3绔
,,,,,,,,,,,,,,,,,,,,,,,8:51:35,2s,http://lingdu_dou.gitee.io/docs/Kafka/KnowStreaming.html#_2-1-1瀹瑁璇存
,,,,,,,,,,,,,,,,,,,,,,,8:51:37,9s,http://lingdu_dou.gitee.io/docs/Kafka/KnowStreaming.html#_2-1-2ㄧ
,,,,,,,,,,,,,,,,,,,,,,,8:51:46,45s,http://lingdu_dou.gitee.io/docs/Kafka/KnowStreaming.html#_2-1-3瀹瑰ㄩㄧ
,,,,,,,,,,,,,,,,,,,,,,,8:52:31,47s,http://lingdu_dou.gitee.io/docs/Kafka/KnowStreaming.html#_2-1-4ㄩㄧ
,,,,,,,,,,,,,,,,,,,,,,,8:53:18,5s,http://lingdu_dou.gitee.io/docs/Kafka/KnowStreaming.html#_5-0浜у绠浠
,,,,,,,,,,,,,,,,,,,,,,,8:53:23,25s,http://lingdu_dou.gitee.io/docs/Kafka/KnowStreaming.html#_5-1芥舵
,,,,,,,,,,,,,,,,,,,,,,,8:53:48,30s,http://lingdu_dou.gitee.io/docs/Kafka/KnowStreaming.html#_5-2浣楠璺寰
,,,,,,,,,,,,,,,,,,,,,,,8:54:18,44s,http://lingdu_dou.gitee.io/docs/Kafka/KnowStreaming.html#_5-3-1ㄦ风＄
,,,,,,,,,,,,,,,,,,,,,,,8:55:02,17s,http://lingdu_dou.gitee.io/docs/Kafka/KnowStreaming.html#_5-3-2ュラ缇
,,,,,,,,,,,,,,,,,,,,,,,8:55:19,8s,http://lingdu_dou.gitee.io/docs/Kafka/KnowStreaming.html#_5-3-3板
,,,,,,,,,,,,,,,,,,,,,,,8:55:27,2s,http://lingdu_dou.gitee.io/docs/Kafka/KnowStreaming.html#_5-3-4topic-╁
,,,,,,,,,,,,,,,,,,,,,,,8:55:29,5s,http://lingdu_dou.gitee.io/docs/Kafka/KnowStreaming.html#_5-3-6topic-归杩绉
,,,,,,,,,,,,,,,,,,,,,,,8:55:34,10s,http://lingdu_dou.gitee.io/docs/Kafka/KnowStreaming.html#_5-4-3澶缇ょ＄
,,,,,,,,,,,,,,,,,,,,,,,8:55:44,11s,http://lingdu_dou.gitee.io/docs/Kafka/KnowStreaming.html#_5-4-6broker
,,,,,,,,,,,,,,,,,,,,,,,8:55:55,6s,http://lingdu_dou.gitee.io/docs/Kafka/KnowStreaming.html#_5-4-11job
,,,,,,,,,,,,,,,,,,,,,,,8:56:01,9s,http://lingdu_dou.gitee.io/docs/Kafka/KnowStreaming.html#_6-1-1瑰
,,,,,,,,,,,,,,,,,,,,,,,8:56:10,1s,http://lingdu_dou.gitee.io/docs/Kafka/KnowStreaming.html#绾ц
,,,,,,,,,,,,,,,,,,,,,,,8:56:11,7s,http://lingdu_dou.gitee.io/docs/Kafka/SASL%E8%AE%A4%E8%AF%81.html#涓
,,,,,,,,,,,,,,,,,,,,,,,8:56:18,12s,http://lingdu_dou.gitee.io/docs/Kafka/SASL%E8%AE%A4%E8%AF%81.html#浜
,,,,,,,,,,,,,,,,,,,,,,,8:56:30,8s,http://lingdu_dou.gitee.io/docs/Kafka/SASL%E8%AE%A4%E8%AF%81.html#涓
,,,,,,,,,,,,,,,,,,,,,,,8:56:38,2s,http://lingdu_dou.gitee.io/docs/Kafka/SASL%E8%AE%A4%E8%AF%81.html#
,,,,,,,,,,,,,,,,,,,,,,,8:56:40,11s,http://lingdu_dou.gitee.io/docs/Kafka/SASL%E8%AE%A4%E8%AF%81.html#浜
,,,,,,,,,,,,,,,,,,,,,,,8:56:51,7s,http://lingdu_dou.gitee.io/docs/Kafka/SASL%E8%AE%A4%E8%AF%81.html#涓
,,,,,,,,,,,,,,,,,,,,,,,8:56:58,5s,http://lingdu_dou.gitee.io/docs/Kafka/SASL%E8%AE%A4%E8%AF%81.html#
,,,,,,,,,,,,,,,,,,,,,,,8:57:03,4s,http://lingdu_dou.gitee.io/docs/Kafka/SASL%E8%AE%A4%E8%AF%81.html#涓
,,,,,,,,,,,,,,,,,,,,,,,8:57:07,20s,http://lingdu_dou.gitee.io/docs/Kafka/SASL%E8%AE%A4%E8%AF%81.html#_7-1-zookeeper瀹ㄨよ缃
,,,,,,,,,,,,,,,,,,,,,,,8:57:27,14s,http://lingdu_dou.gitee.io/docs/Kafka/SASL%E8%AE%A4%E8%AF%81.html#_7-2-kafka瀹ㄨよ缃
,,,,,,,,,,,,,,,,,,,,,,,8:57:41,36s,http://lingdu_dou.gitee.io/docs/Kafka/SASL%E8%AE%A4%E8%AF%81.html#
,,,,,,,,,,,,,,,,,,,,,,,8:58:17,1s,http://lingdu_dou.gitee.io/docs/Kafka/SASL%E8%AE%A4%E8%AF%81.html#_7-2-kafka瀹ㄨよ缃
,,,,,,,,,,,,,,,,,,,,,,,8:58:18,4s,http://lingdu_dou.gitee.io/docs/Kafka/SASL%E8%AE%A4%E8%AF%81.html#涓
2,2023/6/13 20:23,深圳,直接访问,http://lingdu_dou.gitee.io/docs/Kafka/KnowStreaming.html#_1%E3%80%81%E7%8E%AF%E5%A2%83%E4%BF%A1%E6%81%AF,--,120.229.26.2,2.09E+18,120s,2,http://lingdu_dou.gitee.io/docs/Kafka/KnowStreaming.html#_1%E3%80%81%E7%8E%AF%E5%A2%83%E4%BF%A1%E6%81%AF,2023/6/13 20:23,老访客,1,Win 10,移动,Google Chrome,中文(简体),1920x1080,24-bit,,支持,不支持,2023/6/13 20:23,120s,http://lingdu_dou.gitee.io/docs/Kafka/KnowStreaming.html#_1%E3%80%81%E7%8E%AF%E5%A2%83%E4%BF%A1%E6%81%AF
3,2023/6/13 18:47,上海,直接访问,http://lingdu_dou.gitee.io/docs/Kafka/KnowStreaming.html#_1澧淇℃,--,43.247.101.202,2.11E+18,120s,1,http://lingdu_dou.gitee.io/docs/Kafka/KnowStreaming.html#_1澧淇℃,2023/6/13 10:54,新访客,3,macOS,,Google Chrome,中文(简体),1440x900,,,支持,不支持,2023/6/13 18:47,120s,http://lingdu_dou.gitee.io/docs/Kafka/KnowStreaming.html#_1澧淇℃
4,2023/6/13 17:39,北京,百度,http://lingdu_dou.gitee.io/lingdu/docs/Kafka/KnowStreaming.html,--,223.70.242.6,2.09E+18,34s,12,http://lingdu_dou.gitee.io/docs/Kafka/KnowStreaming.html#_2-1-4ㄩㄧ,首次访问,新访客,1,Win 10,,Microsoft Edge,中文(简体),1920x1080,24-bit,,支持,不支持,2023/6/13 17:39,1s,http://lingdu_dou.gitee.io/lingdu/docs/Kafka/KnowStreaming.html
,,,,,,,,,,,,,,,,,,,,,,,2023/6/13 17:39,5s,http://lingdu_dou.gitee.io/docs/Kafka/KnowStreaming.html
,,,,,,,,,,,,,,,,,,,,,,,2023/6/13 17:39,3s,http://lingdu_dou.gitee.io
,,,,,,,,,,,,,,,,,,,,,,,2023/6/13 17:39,3s,http://lingdu_dou.gitee.io/docs/basics
,,,,,,,,,,,,,,,,,,,,,,,2023/6/13 17:39,1s,http://lingdu_dou.gitee.io
,,,,,,,,,,,,,,,,,,,,,,,2023/6/13 17:39,2s,http://lingdu_dou.gitee.io/docs/Kafka/KnowStreaming.html
,,,,,,,,,,,,,,,,,,,,,,,2023/6/13 17:39,6s,http://lingdu_dou.gitee.io/docs/Kafka/KnowStreaming.html#_1澧淇℃
,,,,,,,,,,,,,,,,,,,,,,,2023/6/13 17:39,1s,http://lingdu_dou.gitee.io/docs/Kafka/KnowStreaming.html#_2-3绔
,,,,,,,,,,,,,,,,,,,,,,,2023/6/13 17:39,5s,http://lingdu_dou.gitee.io/docs/Kafka/KnowStreaming.html#_1澧淇℃
,,,,,,,,,,,,,,,,,,,,,,,2023/6/13 17:39,1s,http://lingdu_dou.gitee.io/docs/Kafka/KnowStreaming.html#_2-1-1瀹瑁璇存
,,,,,,,,,,,,,,,,,,,,,,,2023/6/13 17:39,5s,http://lingdu_dou.gitee.io/docs/Kafka/KnowStreaming.html#_2-1-2ㄧ
,,,,,,,,,,,,,,,,,,,,,,,2023/6/13 17:39,1s,http://lingdu_dou.gitee.io/docs/Kafka/KnowStreaming.html#_2-1-4ㄩㄧ
5,2023/6/13 16:51,北京,百度,http://lingdu_dou.gitee.io/lingdu/docs/Kafka/KnowStreaming.html,--,121.69.81.34,2.23E+18,34s,7,http://lingdu_dou.gitee.io,首次访问,新访客,1,Win 10,电信通,Google Chrome,中文(简体),1920x1080,24-bit,,支持,不支持,2023/6/13 16:51,3s,http://lingdu_dou.gitee.io/docs/Kafka/KnowStreaming.html
,,,,,,,,,,,,,,,,,,,,,,,2023/6/13 16:51,3s,http://lingdu_dou.gitee.io/docs/Kafka/KnowStreaming.html#_2-2绔
,,,,,,,,,,,,,,,,,,,,,,,2023/6/13 16:51,2s,http://lingdu_dou.gitee.io/docs/Kafka/KnowStreaming.html#_2-1-3瀹瑰ㄩㄧ
,,,,,,,,,,,,,,,,,,,,,,,2023/6/13 16:51,3s,http://lingdu_dou.gitee.io/docs/Kafka/KnowStreaming.html#_2-x-绾ц
,,,,,,,,,,,,,,,,,,,,,,,2023/6/13 16:51,3s,http://lingdu_dou.gitee.io/docs/Kafka/KnowStreaming.html#绾ц
,,,,,,,,,,,,,,,,,,,,,,,2023/6/13 16:51,20s,http://lingdu_dou.gitee.io
6,2023/6/13 15:02,南京,百度,http://lingdu_dou.gitee.io/lingdu/docs/Kafka/KnowStreaming.html,--,222.190.126.130,2.29E+18,771s,20,http://lingdu_dou.gitee.io/docs/Kafka/KnowStreaming.html#_5-3-5topic-归╃缉,2023/6/13 15:02,老访客,1,Win 10,电信,Google Chrome,中文(简体),1920x1080,24-bit,,支持,不支持,2023/6/13 15:02,3s,http://lingdu_dou.gitee.io/lingdu/docs/Kafka/KnowStreaming.html
,,,,,,,,,,,,,,,,,,,,,,,2023/6/13 15:02,346s,http://lingdu_dou.gitee.io/docs/Kafka/KnowStreaming.html
,,,,,,,,,,,,,,,,,,,,,,,2023/6/13 15:08,5s,http://lingdu_dou.gitee.io/docs/Kafka/KnowStreaming.html#_1澧淇℃
,,,,,,,,,,,,,,,,,,,,,,,2023/6/13 15:08,9s,http://lingdu_dou.gitee.io/docs/Kafka/KnowStreaming.html#_5-3-7璁剧
,,,,,,,,,,,,,,,,,,,,,,,2023/6/13 15:08,1s,http://lingdu_dou.gitee.io/docs/Kafka/SASL%E8%AE%A4%E8%AF%81.html
,,,,,,,,,,,,,,,,,,,,,,,2023/6/13 15:08,3s,http://lingdu_dou.gitee.io/docs/Kafka/SASL%E8%AE%A4%E8%AF%81.html#涓
,,,,,,,,,,,,,,,,,,,,,,,2023/6/13 15:08,10s,http://lingdu_dou.gitee.io/docs/Kafka
,,,,,,,,,,,,,,,,,,,,,,,2023/6/13 15:08,9s,http://lingdu_dou.gitee.io/docs/Kafka/#绗
,,,,,,,,,,,,,,,,,,,,,,,2023/6/13 15:08,6s,http://lingdu_dou.gitee.io/docs/Kafka/#绗
,,,,,,,,,,,,,,,,,,,,,,,2023/6/13 15:08,7s,http://lingdu_dou.gitee.io/docs/Kafka/SASL%E8%AE%A4%E8%AF%81.html#涓
,,,,,,,,,,,,,,,,,,,,,,,2023/6/13 15:09,1s,http://lingdu_dou.gitee.io/docs/Kafka/SSL.html
,,,,,,,,,,,,,,,,,,,,,,,2023/6/13 15:09,6s,http://lingdu_dou.gitee.io/docs/Kafka/KnowStreaming.html
,,,,,,,,,,,,,,,,,,,,,,,2023/6/13 15:09,2s,http://lingdu_dou.gitee.io/docs/Kafka/KnowStreaming.html#_5-3-3板
,,,,,,,,,,,,,,,,,,,,,,,2023/6/13 15:09,2s,http://lingdu_dou.gitee.io/docs/Kafka/KnowStreaming.html#_5-3-2ュラ缇
,,,,,,,,,,,,,,,,,,,,,,,2023/6/13 15:09,5s,http://lingdu_dou.gitee.io/docs/Kafka/KnowStreaming.html#_5-3-1ㄦ风＄
,,,,,,,,,,,,,,,,,,,,,,,2023/6/13 15:09,4s,http://lingdu_dou.gitee.io/docs/Kafka/KnowStreaming.html#_5-3-2ュラ缇
,,,,,,,,,,,,,,,,,,,,,,,2023/6/13 15:09,351s,http://lingdu_dou.gitee.io/docs/Kafka/KnowStreaming.html#_5-3-3板
,,,,,,,,,,,,,,,,,,,,,,,2023/6/13 15:15,1s,http://lingdu_dou.gitee.io/docs/Kafka/KnowStreaming.html#_5-3-6topic-归杩绉
,,,,,,,,,,,,,,,,,,,,,,,2023/6/13 15:15,未知,http://lingdu_dou.gitee.io/docs/Kafka/KnowStreaming.html#_5-3-5topic-归╃缉
7,2023/6/13 10:54,上海,直接访问,http://lingdu_dou.gitee.io/docs/Kafka/KnowStreaming.html#_2-1-1瀹瑁璇存,--,43.247.101.195,2.11E+18,72s,16,http://lingdu_dou.gitee.io/docs/Kafka/KnowStreaming.html#_2-3绔,2023/6/13 9:56,新访客,2,macOS,,Google Chrome,中文(简体),1440x900,,,支持,不支持,2023/6/13 10:54,20s,http://lingdu_dou.gitee.io/docs/Kafka/KnowStreaming.html#_2-1-1瀹瑁璇存
,,,,,,,,,,,,,,,,,,,,,,,2023/6/13 10:55,3s,http://lingdu_dou.gitee.io/docs/Kafka/KnowStreaming.html#_2-3绔
,,,,,,,,,,,,,,,,,,,,,,,2023/6/13 10:55,1s,http://lingdu_dou.gitee.io/docs/Kafka/KnowStreaming.html#_2-2绔
,,,,,,,,,,,,,,,,,,,,,,,2023/6/13 10:55,1s,http://lingdu_dou.gitee.io/docs/Kafka/KnowStreaming.html#_2-1绔骞舵
,,,,,,,,,,,,,,,,,,,,,,,2023/6/13 10:55,2s,http://lingdu_dou.gitee.io/docs/Kafka/KnowStreaming.html#_2缂璇
,,,,,,,,,,,,,,,,,,,,,,,2023/6/13 10:55,10s,http://lingdu_dou.gitee.io/docs/Kafka/KnowStreaming.html#_1澧淇℃
,,,,,,,,,,,,,,,,,,,,,,,2023/6/13 10:55,1s,http://lingdu_dou.gitee.io/docs/Kafka/KnowStreaming.html#_2缂璇
,,,,,,,,,,,,,,,,,,,,,,,2023/6/13 10:55,4s,http://lingdu_dou.gitee.io/docs/Kafka/KnowStreaming.html#_2-1绔骞舵
,,,,,,,,,,,,,,,,,,,,,,,2023/6/13 10:55,11s,http://lingdu_dou.gitee.io/docs/Kafka/KnowStreaming.html#_2-2绔
,,,,,,,,,,,,,,,,,,,,,,,2023/6/13 10:55,1s,http://lingdu_dou.gitee.io/docs/Kafka/KnowStreaming.html#_2-1洪ㄧ
,,,,,,,,,,,,,,,,,,,,,,,2023/6/13 10:55,1s,http://lingdu_dou.gitee.io/docs/Kafka/KnowStreaming.html#_2-3绔
,,,,,,,,,,,,,,,,,,,,,,,2023/6/13 10:55,2s,http://lingdu_dou.gitee.io/docs/Kafka/KnowStreaming.html#_2-1-1瀹瑁璇存
,,,,,,,,,,,,,,,,,,,,,,,2023/6/13 10:55,11s,http://lingdu_dou.gitee.io/docs/Kafka/KnowStreaming.html#_2-1-2ㄧ
,,,,,,,,,,,,,,,,,,,,,,,2023/6/13 10:56,4s,http://lingdu_dou.gitee.io/docs/Kafka/KnowStreaming.html#_2-3绔
8,2023/6/13 9:56,上海,直接访问,http://lingdu_dou.gitee.io/docs/Kafka/KnowStreaming.html#_2-1-4ㄩㄧ,--,43.247.101.195,2.11E+18,932s,9,http://lingdu_dou.gitee.io/docs/Kafka/KnowStreaming.html#_5-3-4topic-╁,首次访问,新访客,1,macOS,,Google Chrome,中文(简体),1440x900,,,支持,不支持,2023/6/13 9:56,8s,http://lingdu_dou.gitee.io/docs/Kafka/KnowStreaming.html#_2-1-4ㄩㄧ
,,,,,,,,,,,,,,,,,,,,,,,2023/6/13 9:56,3s,http://lingdu_dou.gitee.io/docs/Kafka/KnowStreaming.html#_5-0浜у绠浠
,,,,,,,,,,,,,,,,,,,,,,,2023/6/13 9:56,53s,http://lingdu_dou.gitee.io/docs/Kafka/KnowStreaming.html#_5-1芥舵
,,,,,,,,,,,,,,,,,,,,,,,2023/6/13 9:57,2s,http://lingdu_dou.gitee.io/docs/Kafka/KnowStreaming.html#_2-1-4ㄩㄧ
,,,,,,,,,,,,,,,,,,,,,,,2023/6/13 9:57,187s,http://lingdu_dou.gitee.io/docs/Kafka/KnowStreaming.html#_5-2浣楠璺寰
,,,,,,,,,,,,,,,,,,,,,,,2023/6/13 10:00,282s,http://lingdu_dou.gitee.io/docs/Kafka/KnowStreaming.html#_5-3-1ㄦ风＄
,,,,,,,,,,,,,,,,,,,,,,,2023/6/13 10:05,69s,http://lingdu_dou.gitee.io/docs/Kafka/KnowStreaming.html#_5-3-2ュラ缇
,,,,,,,,,,,,,,,,,,,,,,,2023/6/13 10:06,225s,http://lingdu_dou.gitee.io/docs/Kafka/KnowStreaming.html#_5-3-3板
,,,,,,,,,,,,,,,,,,,,,,,2023/6/13 10:10,103s,http://lingdu_dou.gitee.io/docs/Kafka/KnowStreaming.html#_5-3-4topic-╁
9,2023/6/12 15:52,广州,百度,http://lingdu_dou.gitee.io/lingdu/docs/Kafka/KnowStreaming.html,--,121.8.124.246,1.89E+18,382s,3,http://lingdu_dou.gitee.io/docs/Kafka/KnowStreaming.html#_1澧淇℃,首次访问,新访客,1,Win 10,电信,Microsoft Edge,中文(简体),1536x864,24-bit,,支持,不支持,2023/6/12 15:52,4s,http://lingdu_dou.gitee.io/lingdu/docs/Kafka/KnowStreaming.html
,,,,,,,,,,,,,,,,,,,,,,,2023/6/12 15:53,4s,http://lingdu_dou.gitee.io/docs/Kafka/KnowStreaming.html
,,,,,,,,,,,,,,,,,,,,,,,2023/6/12 15:53,374s,http://lingdu_dou.gitee.io/docs/Kafka/KnowStreaming.html#_1澧淇℃
10,2023/6/12 15:51,上海,百度,http://lingdu_dou.gitee.io/lingdu/docs/Kafka/KnowStreaming.html,--,43.247.101.195,2.11E+18,1588s,38,http://lingdu_dou.gitee.io/docs/Kafka/KnowStreaming.html#_5-0浜у绠浠,首次访问,新访客,1,macOS,,Google Chrome,中文(简体),1440x900,,,支持,不支持,2023/6/12 15:51,1s,http://lingdu_dou.gitee.io/lingdu/docs/Kafka/KnowStreaming.html
,,,,,,,,,,,,,,,,,,,,,,,2023/6/12 15:51,2s,http://lingdu_dou.gitee.io/docs/Kafka/KnowStreaming.html
,,,,,,,,,,,,,,,,,,,,,,,2023/6/12 15:51,1s,http://lingdu_dou.gitee.io/docs/Kafka/KnowStreaming.html#_2缂璇
,,,,,,,,,,,,,,,,,,,,,,,2023/6/12 15:51,317s,http://lingdu_dou.gitee.io/docs/Kafka/KnowStreaming.html#_1澧淇℃
,,,,,,,,,,,,,,,,,,,,,,,2023/6/12 15:56,2s,http://lingdu_dou.gitee.io/docs/Kafka/KnowStreaming.html#_2缂璇
,,,,,,,,,,,,,,,,,,,,,,,2023/6/12 15:56,3s,http://lingdu_dou.gitee.io/docs/Kafka/KnowStreaming.html#_2-1绔骞舵
,,,,,,,,,,,,,,,,,,,,,,,2023/6/12 15:56,2s,http://lingdu_dou.gitee.io/docs/Kafka/KnowStreaming.html#_2-2绔
,,,,,,,,,,,,,,,,,,,,,,,2023/6/12 15:56,22s,http://lingdu_dou.gitee.io/docs/Kafka/KnowStreaming.html#_2-3绔
,,,,,,,,,,,,,,,,,,,,,,,2023/6/12 15:57,2s,http://lingdu_dou.gitee.io/docs/Kafka/KnowStreaming.html#_2-1洪ㄧ
,,,,,,,,,,,,,,,,,,,,,,,2023/6/12 15:57,1s,http://lingdu_dou.gitee.io/docs/Kafka/KnowStreaming.html#_2-1-1瀹瑁璇存
,,,,,,,,,,,,,,,,,,,,,,,2023/6/12 15:57,4s,http://lingdu_dou.gitee.io/docs/Kafka/KnowStreaming.html#_2-1-2ㄧ
,,,,,,,,,,,,,,,,,,,,,,,2023/6/12 15:57,12s,http://lingdu_dou.gitee.io/docs/Kafka/KnowStreaming.html#_2-1-3瀹瑰ㄩㄧ
,,,,,,,,,,,,,,,,,,,,,,,2023/6/12 15:57,1s,http://lingdu_dou.gitee.io/docs/Kafka/KnowStreaming.html#_2-1-4ㄩㄧ
,,,,,,,,,,,,,,,,,,,,,,,2023/6/12 15:57,3s,http://lingdu_dou.gitee.io/docs/Kafka/KnowStreaming.html#_2-1-3瀹瑰ㄩㄧ
,,,,,,,,,,,,,,,,,,,,,,,2023/6/12 15:57,4s,http://lingdu_dou.gitee.io/docs/Kafka/KnowStreaming.html#_2-1-4ㄩㄧ
,,,,,,,,,,,,,,,,,,,,,,,2023/6/12 15:57,2s,http://lingdu_dou.gitee.io/docs/Kafka/KnowStreaming.html#_5-1芥舵
,,,,,,,,,,,,,,,,,,,,,,,2023/6/12 15:57,12s,http://lingdu_dou.gitee.io/docs/Kafka/KnowStreaming.html#_2-1-4ㄩㄧ
,,,,,,,,,,,,,,,,,,,,,,,2023/6/12 15:58,7s,http://lingdu_dou.gitee.io/docs/Kafka/KnowStreaming.html#_5-1芥舵
,,,,,,,,,,,,,,,,,,,,,,,2023/6/12 15:58,77s,http://lingdu_dou.gitee.io/docs/Kafka/KnowStreaming.html#_5-2浣楠璺寰
,,,,,,,,,,,,,,,,,,,,,,,2023/6/12 15:59,5s,http://lingdu_dou.gitee.io/docs/Kafka/KnowStreaming.html#_5-1芥舵
,,,,,,,,,,,,,,,,,,,,,,,2023/6/12 15:59,4s,http://lingdu_dou.gitee.io/docs/Kafka/KnowStreaming.html#_5-2浣楠璺寰
,,,,,,,,,,,,,,,,,,,,,,,2023/6/12 15:59,1s,http://lingdu_dou.gitee.io/docs/Kafka/KnowStreaming.html#_5-1芥舵
,,,,,,,,,,,,,,,,,,,,,,,2023/6/12 15:59,1s,http://lingdu_dou.gitee.io/docs/Kafka/KnowStreaming.html#_5-2浣楠璺寰
,,,,,,,,,,,,,,,,,,,,,,,2023/6/12 15:59,1s,http://lingdu_dou.gitee.io/docs/Kafka/KnowStreaming.html#_5-3-1ㄦ风＄
,,,,,,,,,,,,,,,,,,,,,,,2023/6/12 15:59,1s,http://lingdu_dou.gitee.io/docs/Kafka/KnowStreaming.html#_5-2浣楠璺寰
,,,,,,,,,,,,,,,,,,,,,,,2023/6/12 15:59,1s,http://lingdu_dou.gitee.io/docs/Kafka/KnowStreaming.html#_5-3-2ュラ缇
,,,,,,,,,,,,,,,,,,,,,,,2023/6/12 15:59,1s,http://lingdu_dou.gitee.io/docs/Kafka/KnowStreaming.html#_5-3-3板
,,,,,,,,,,,,,,,,,,,,,,,2023/6/12 15:59,6s,http://lingdu_dou.gitee.io/docs/Kafka/KnowStreaming.html#_5-3-5topic-归╃缉
,,,,,,,,,,,,,,,,,,,,,,,2023/6/12 15:59,35s,http://lingdu_dou.gitee.io/docs/Kafka/KnowStreaming.html#_6-1-4板
,,,,,,,,,,,,,,,,,,,,,,,2023/6/12 16:00,1s,http://lingdu_dou.gitee.io/docs/Kafka/KnowStreaming.html#_6-1-5拌块
,,,,,,,,,,,,,,,,,,,,,,,2023/6/12 16:00,1s,http://lingdu_dou.gitee.io/docs/Kafka/KnowStreaming.html#绾ц
,,,,,,,,,,,,,,,,,,,,,,,2023/6/12 16:00,3s,http://lingdu_dou.gitee.io/docs/Kafka/KnowStreaming.html#绾ц
,,,,,,,,,,,,,,,,,,,,,,,2023/6/12 16:00,11s,http://lingdu_dou.gitee.io/docs/Kafka/KnowStreaming.html#绾ц
,,,,,,,,,,,,,,,,,,,,,,,2023/6/12 16:00,3s,http://lingdu_dou.gitee.io/docs/Kafka/KnowStreaming.html#_5-0浜у绠浠
,,,,,,,,,,,,,,,,,,,,,,,2023/6/12 16:00,908s,http://lingdu_dou.gitee.io/docs/Kafka/KnowStreaming.html#_2-1-2ㄧ
,,,,,,,,,,,,,,,,,,,,,,,2023/6/12 16:15,23s,http://lingdu_dou.gitee.io/docs/Kafka/KnowStreaming.html#_5-3-2ュラ缇
,,,,,,,,,,,,,,,,,,,,,,,2023/6/12 16:16,66s,http://lingdu_dou.gitee.io/docs/Kafka/KnowStreaming.html#_5-4-3澶缇ょ＄
,,,,,,,,,,,,,,,,,,,,,,,2023/6/12 16:17,41s,http://lingdu_dou.gitee.io/docs/Kafka/KnowStreaming.html#_5-0浜у绠浠
11,2023/6/12 15:02,深圳,直接访问,http://lingdu_dou.gitee.io/docs/Kafka/KnowStreaming.html,--,113.87.82.190,1.81E+18,185s,7,http://lingdu_dou.gitee.io/docs/Kafka/KnowStreaming.html#_5-0浜у绠浠,首次访问,新访客,1,Win 10,电信,Google Chrome,中文(简体),1920x1080,24-bit,,支持,不支持,2023/6/12 15:02,2s,http://lingdu_dou.gitee.io/docs/Kafka/KnowStreaming.html
,,,,,,,,,,,,,,,,,,,,,,,2023/6/12 15:03,23s,http://lingdu_dou.gitee.io/docs/Kafka/KnowStreaming.html#_1澧淇℃
,,,,,,,,,,,,,,,,,,,,,,,2023/6/12 15:03,146s,http://lingdu_dou.gitee.io/docs/Kafka/KnowStreaming.html#_2-1-4ㄩㄧ
,,,,,,,,,,,,,,,,,,,,,,,2023/6/12 15:05,1s,http://lingdu_dou.gitee.io/docs/Kafka/KnowStreaming.html#_2-1-3瀹瑰ㄩㄧ
,,,,,,,,,,,,,,,,,,,,,,,2023/6/12 15:05,13s,http://lingdu_dou.gitee.io/docs/Kafka/KnowStreaming.html#_2-1-2ㄧ
,,,,,,,,,,,,,,,,,,,,,,,2023/6/12 15:06,4s,http://lingdu_dou.gitee.io/docs/Kafka/KnowStreaming.html#_5-0浜у绠浠
12,2023/6/12 13:51,北京,百度,http://lingdu_dou.gitee.io/lingdu/docs/Kafka/KnowStreaming.html,--,221.218.0.194,1.88E+18,208s,5,http://lingdu_dou.gitee.io/docs/Kafka/KnowStreaming.html#_2-1-3瀹瑰ㄩㄧ,首次访问,新访客,1,macOS,网通,Google Chrome,中文(简体),1920x1080,24-bit,,支持,不支持,2023/6/12 13:51,2s,http://lingdu_dou.gitee.io/lingdu/docs/Kafka/KnowStreaming.html
,,,,,,,,,,,,,,,,,,,,,,,2023/6/12 13:51,7s,http://lingdu_dou.gitee.io/docs/Kafka/KnowStreaming.html
,,,,,,,,,,,,,,,,,,,,,,,2023/6/12 13:51,150s,http://lingdu_dou.gitee.io/docs/Kafka/KnowStreaming.html#_2-1-1瀹瑁璇存
,,,,,,,,,,,,,,,,,,,,,,,2023/6/12 13:53,8s,http://lingdu_dou.gitee.io/docs/Kafka/KnowStreaming.html#_2-1-2ㄧ
,,,,,,,,,,,,,,,,,,,,,,,2023/6/12 13:54,41s,http://lingdu_dou.gitee.io/docs/Kafka/KnowStreaming.html#_2-1-3瀹瑰ㄩㄧ
13,2023/6/12 13:50,合肥,直接访问,http://lingdu_dou.gitee.io,--,60.166.103.35,2.12E+18,3s,2,http://lingdu_dou.gitee.io,2023/6/12 9:46,老访客,5,Win 10,电信,Google Chrome,中文(简体),,24-bit,,支持,不支持,2023/6/12 13:50,3s,http://lingdu_dou.gitee.io
14,2023/6/12 11:15,南京,直接访问,http://lingdu_dou.gitee.io/docs/Kafka/KnowStreaming.html,--,222.190.126.130,2.29E+18,5s,3,http://lingdu_dou.gitee.io/docs/Kafka/KnowStreaming.html#_2-1-3瀹瑰ㄩㄧ,首次访问,新访客,1,Win 10,电信,Google Chrome,中文(简体),1920x1080,24-bit,,支持,不支持,2023/6/12 11:15,5s,http://lingdu_dou.gitee.io/docs/Kafka/KnowStreaming.html
,,,,,,,,,,,,,,,,,,,,,,,2023/6/12 11:15,未知,http://lingdu_dou.gitee.io/docs/Kafka/KnowStreaming.html#_2-1-3瀹瑰ㄩㄧ
15,2023/6/12 9:46,合肥,百度,http://lingdu_dou.gitee.io/lingdu/docs/Kafka/KnowStreaming.html,--,60.166.103.35,2.12E+18,18s,5,http://lingdu_dou.gitee.io/docs/Kafka/KnowStreaming.html#_1澧淇℃,2023/6/12 9:45,老访客,4,Win 10,电信,Google Chrome,中文(简体),,24-bit,,支持,不支持,2023/6/12 9:46,6s,http://lingdu_dou.gitee.io/docs/Kafka/KnowStreaming.html
,,,,,,,,,,,,,,,,,,,,,,,2023/6/12 9:46,7s,http://lingdu_dou.gitee.io/docs/Kafka/KnowStreaming.html#_1澧淇℃
,,,,,,,,,,,,,,,,,,,,,,,2023/6/12 9:46,2s,http://lingdu_dou.gitee.io/docs/Kafka/KnowStreaming.html#_2-1绔骞舵
,,,,,,,,,,,,,,,,,,,,,,,2023/6/12 9:46,3s,http://lingdu_dou.gitee.io/docs/Kafka/KnowStreaming.html#_1澧淇℃
16,2023/6/12 9:45,合肥,百度,http://lingdu_dou.gitee.io/lingdu/docs/Kafka/KnowStreaming.html,--,60.166.103.35,2.12E+18,3s,2,http://lingdu_dou.gitee.io/docs/Kafka/KnowStreaming.html,2023/6/12 9:21,老访客,3,Win 10,电信,Google Chrome,中文(简体),,24-bit,,支持,不支持,2023/6/12 9:45,3s,http://lingdu_dou.gitee.io/docs/Kafka/KnowStreaming.html
17,2023/6/12 9:21,合肥,直接访问,http://lingdu_dou.gitee.io,--,60.166.103.35,2.12E+18,109s,2,http://lingdu_dou.gitee.io,2023/6/12 8:42,老访客,2,Win 10,电信,Google Chrome,中文(简体),,24-bit,,支持,不支持,2023/6/12 9:21,72s,http://lingdu_dou.gitee.io
,,,,,,,,,,,,,,,,,,,,,,,2023/6/12 9:23,37s,http://lingdu_dou.gitee.io
18,2023/6/12 9:12,西安,百度,https://lingdu_dou.gitee.io/lingdu/docs/Kafka/KnowStreaming.html,--,113.200.26.34,1.91E+18,未知,1,https://lingdu_dou.gitee.io/lingdu/docs/Kafka/KnowStreaming.html,2023/6/12 9:12,新访客,2,Win 10,网通,Google Chrome,中文(简体),1920x1080,24-bit,,支持,不支持,2023/6/12 9:12,未知,https://lingdu_dou.gitee.io/lingdu/docs/Kafka/KnowStreaming.html
19,2023/6/12 9:12,西安,直接访问,https://lingdu_dou.gitee.io/docs/Kafka/KnowStreaming.html,--,113.200.26.34,1.91E+18,未知,1,https://lingdu_dou.gitee.io/docs/Kafka/KnowStreaming.html,首次访问,新访客,1,Win 10,网通,Google Chrome,中文(简体),1920x1080,24-bit,,支持,不支持,2023/6/12 9:12,未知,https://lingdu_dou.gitee.io/docs/Kafka/KnowStreaming.html
20,2023/6/12 8:42,合肥,直接访问,http://lingdu_dou.gitee.io/lingdu/docs/Kafka/KnowStreaming.html,--,60.166.103.35,2.12E+18,未知,2,http://lingdu_dou.gitee.io/docs/Kafka/KnowStreaming.html,2023/6/12 8:42,老访客,1,Win 10,电信,Google Chrome,中文(简体),,24-bit,,支持,不支持,2023/6/12 8:42,未知,http://lingdu_dou.gitee.io/docs/Kafka/KnowStreaming.html
21,2023/6/10 12:12,淄博,直接访问,http://lingdu_dou.gitee.io/docs/Kafka/KnowStreaming.html#_2-1-1瀹瑁璇存,--,119.181.181.127,1.86E+18,2s,1,http://lingdu_dou.gitee.io/docs/Kafka/KnowStreaming.html#_2-1-1瀹瑁璇存,2023/6/10 11:03,新访客,2,Linux,网通,Firefox,中文(简体),1920x1080,24-bit,,支持,不支持,2023/6/10 12:12,2s,http://lingdu_dou.gitee.io/docs/Kafka/KnowStreaming.html#_2-1-1瀹瑁璇存
22,2023/6/10 11:03,淄博,百度,http://lingdu_dou.gitee.io/lingdu/docs/Kafka/KnowStreaming.html,--,119.181.181.127,1.86E+18,34s,9,http://lingdu_dou.gitee.io/docs/Kafka/KnowStreaming.html#_2-1-3瀹瑰ㄩㄧ,首次访问,新访客,1,Linux,网通,Firefox,中文(简体),1920x1080,24-bit,,支持,不支持,2023/6/10 11:03,1s,http://lingdu_dou.gitee.io/docs/Kafka/KnowStreaming.html
,,,,,,,,,,,,,,,,,,,,,,,2023/6/10 11:03,4s,http://lingdu_dou.gitee.io/docs/Kafka/KnowStreaming.html#_1澧淇℃
,,,,,,,,,,,,,,,,,,,,,,,2023/6/10 11:03,2s,http://lingdu_dou.gitee.io/docs/Kafka/KnowStreaming.html#_2缂璇
,,,,,,,,,,,,,,,,,,,,,,,2023/6/10 11:03,2s,http://lingdu_dou.gitee.io/docs/Kafka/KnowStreaming.html#_2-3绔
,,,,,,,,,,,,,,,,,,,,,,,2023/6/10 11:03,1s,http://lingdu_dou.gitee.io/docs/Kafka/KnowStreaming.html#_2-1洪ㄧ
,,,,,,,,,,,,,,,,,,,,,,,2023/6/10 11:03,15s,http://lingdu_dou.gitee.io/docs/Kafka/KnowStreaming.html#_2-1-1瀹瑁璇存
,,,,,,,,,,,,,,,,,,,,,,,2023/6/10 11:03,9s,http://lingdu_dou.gitee.io/docs/Kafka/KnowStreaming.html#_2-1-2ㄧ
,,,,,,,,,,,,,,,,,,,,,,,2023/6/10 11:03,未知,http://lingdu_dou.gitee.io/docs/Kafka/KnowStreaming.html#_2-1-3瀹瑰ㄩㄧ
23,2023/6/9 18:31,北京,直接访问,http://lingdu_dou.gitee.io/docs/Kafka/KnowStreaming.html,--,219.239.86.226,2.00E+18,16s,5,http://lingdu_dou.gitee.io/docs/Kafka/KnowStreaming.html#_2-1-1瀹瑁璇存,首次访问,新访客,1,macOS,电信通,Microsoft Edge,中文(简体),1440x900,24-bit,,支持,不支持,2023/6/9 18:31,1s,http://lingdu_dou.gitee.io/docs/Kafka/KnowStreaming.html
,,,,,,,,,,,,,,,,,,,,,,,2023/6/9 18:31,2s,http://lingdu_dou.gitee.io/docs/Kafka/KnowStreaming.html
,,,,,,,,,,,,,,,,,,,,,,,2023/6/9 18:31,1s,http://lingdu_dou.gitee.io/docs/Kafka/KnowStreaming.html#_2-2绔
,,,,,,,,,,,,,,,,,,,,,,,2023/6/9 18:31,12s,http://lingdu_dou.gitee.io/docs/Kafka/KnowStreaming.html#_2-1-1瀹瑁璇存
24,2023/6/9 18:00,武汉,直接访问,http://lingdu_dou.gitee.io/docs/Kafka/KnowStreaming.html,--,220.249.90.140,1.80E+18,872s,6,http://lingdu_dou.gitee.io/docs/Kafka/KnowStreaming.html#_2-1-2ㄧ,首次访问,新访客,1,Win 10,网通,Google Chrome,中文(简体),1920x1080,24-bit,,支持,不支持,2023/6/9 18:00,2s,http://lingdu_dou.gitee.io/docs/Kafka/KnowStreaming.html
,,,,,,,,,,,,,,,,,,,,,,,2023/6/9 18:00,2s,http://lingdu_dou.gitee.io/docs/Kafka/KnowStreaming.html#_2-3绔
,,,,,,,,,,,,,,,,,,,,,,,2023/6/9 18:00,9s,http://lingdu_dou.gitee.io/docs/Kafka/KnowStreaming.html#_2-1-2ㄧ
,,,,,,,,,,,,,,,,,,,,,,,2023/6/9 18:01,17s,http://lingdu_dou.gitee.io/docs/Kafka/KnowStreaming.html#_2-1-3瀹瑰ㄩㄧ
,,,,,,,,,,,,,,,,,,,,,,,2023/6/9 18:01,842s,http://lingdu_dou.gitee.io/docs/Kafka/KnowStreaming.html#_2-1-2ㄧ
25,2023/6/9 17:53,日照,直接访问,http://lingdu_dou.gitee.io/docs/Kafka/KnowStreaming.html,--,61.156.31.149,1.84E+18,15s,3,http://lingdu_dou.gitee.io/docs/Kafka/KnowStreaming.html#_2-1-4ㄩㄧ,首次访问,新访客,1,macOS,网通,Google Chrome,中文(简体),,24-bit,,支持,不支持,2023/6/9 17:53,10s,http://lingdu_dou.gitee.io/docs/Kafka/KnowStreaming.html
,,,,,,,,,,,,,,,,,,,,,,,2023/6/9 17:53,5s,http://lingdu_dou.gitee.io/docs/Kafka/KnowStreaming.html#_2-1-4ㄩㄧ
26,2023/6/8 16:34,合肥,直接访问,http://lingdu_dou.gitee.io/lingdu,--,60.166.103.35,2.12E+18,23s,6,http://lingdu_dou.gitee.io,2023/6/8 16:34,老访客,1,Win 10,电信,Google Chrome,中文(简体),,24-bit,,支持,不支持,2023/6/8 16:34,2s,http://lingdu_dou.gitee.io/lingdu
,,,,,,,,,,,,,,,,,,,,,,,2023/6/8 16:34,3s,http://lingdu_dou.gitee.io
,,,,,,,,,,,,,,,,,,,,,,,2023/6/8 16:34,1s,http://lingdu_dou.gitee.io/docs/boke
,,,,,,,,,,,,,,,,,,,,,,,2023/6/8 16:34,17s,http://lingdu_dou.gitee.io
27,2023/6/8 15:37,北京,百度,https://lingdu_dou.gitee.io/lingdu/docs/Kafka/KnowStreaming.html,--,223.70.143.246,1.90E+18,595s,73,https://lingdu_dou.gitee.io/docs/Kafka/KnowStreaming.html#_1澧淇℃,首次访问,新访客,1,Win 10,,Google Chrome,中文(简体),,24-bit,,支持,不支持,2023/6/8 15:37,1s,https://lingdu_dou.gitee.io/lingdu/docs/Kafka/KnowStreaming.html
,,,,,,,,,,,,,,,,,,,,,,,2023/6/8 15:37,15s,https://lingdu_dou.gitee.io/docs/Kafka/KnowStreaming.html
,,,,,,,,,,,,,,,,,,,,,,,2023/6/8 15:37,6s,https://lingdu_dou.gitee.io/docs/Kafka/KnowStreaming.html#_1澧淇℃
,,,,,,,,,,,,,,,,,,,,,,,2023/6/8 15:37,1s,https://lingdu_dou.gitee.io/docs/Kafka/KnowStreaming.html#_2-1绔骞舵
,,,,,,,,,,,,,,,,,,,,,,,2023/6/8 15:37,1s,https://lingdu_dou.gitee.io/docs/Kafka/SASL%E8%AE%A4%E8%AF%81.html
,,,,,,,,,,,,,,,,,,,,,,,2023/6/8 15:37,2s,https://lingdu_dou.gitee.io/docs/Kafka/SASL%E8%AE%A4%E8%AF%81.html#涓
,,,,,,,,,,,,,,,,,,,,,,,2023/6/8 15:37,3s,https://lingdu_dou.gitee.io/docs/Kafka/SASL%E8%AE%A4%E8%AF%81.html#
,,,,,,,,,,,,,,,,,,,,,,,2023/6/8 15:37,4s,https://lingdu_dou.gitee.io/docs/Kafka/SASL%E8%AE%A4%E8%AF%81.html#_7-1-zookeeper瀹ㄨよ缃
,,,,,,,,,,,,,,,,,,,,,,,2023/6/8 15:37,4s,https://lingdu_dou.gitee.io/docs/Kafka/SASL%E8%AE%A4%E8%AF%81.html#_7-2-kafka瀹ㄨよ缃
,,,,,,,,,,,,,,,,,,,,,,,2023/6/8 15:37,2s,https://lingdu_dou.gitee.io/docs/Kafka/SASL%E8%AE%A4%E8%AF%81.html#
,,,,,,,,,,,,,,,,,,,,,,,2023/6/8 15:37,47s,https://lingdu_dou.gitee.io/docs/Kafka/SASL%E8%AE%A4%E8%AF%81.html#浜
,,,,,,,,,,,,,,,,,,,,,,,2023/6/8 15:38,4s,https://lingdu_dou.gitee.io/docs/Kafka/SASL%E8%AE%A4%E8%AF%81.html#
,,,,,,,,,,,,,,,,,,,,,,,2023/6/8 15:38,2s,https://lingdu_dou.gitee.io/docs/Kafka/SASL%E8%AE%A4%E8%AF%81.html#涓
,,,,,,,,,,,,,,,,,,,,,,,2023/6/8 15:38,9s,https://lingdu_dou.gitee.io/docs/Kafka/SASL%E8%AE%A4%E8%AF%81.html#_7-1-zookeeper瀹ㄨよ缃
,,,,,,,,,,,,,,,,,,,,,,,2023/6/8 15:38,16s,https://lingdu_dou.gitee.io/docs/Kafka/SASL%E8%AE%A4%E8%AF%81.html#_7-2-kafka瀹ㄨよ缃
,,,,,,,,,,,,,,,,,,,,,,,2023/6/8 15:39,6s,https://lingdu_dou.gitee.io/docs/Kafka/SASL%E8%AE%A4%E8%AF%81.html#
,,,,,,,,,,,,,,,,,,,,,,,2023/6/8 15:39,3s,https://lingdu_dou.gitee.io/docs/Kafka/SASL%E8%AE%A4%E8%AF%81.html#涔
,,,,,,,,,,,,,,,,,,,,,,,2023/6/8 15:39,1s,https://lingdu_dou.gitee.io/docs/Kafka/SSL.html
,,,,,,,,,,,,,,,,,,,,,,,2023/6/8 15:39,16s,https://lingdu_dou.gitee.io/docs/Kafka/SSL.html#
,,,,,,,,,,,,,,,,,,,,,,,2023/6/8 15:39,3s,https://lingdu_dou.gitee.io/docs/Kafka/KnowStreaming.html
,,,,,,,,,,,,,,,,,,,,,,,2023/6/8 15:39,1s,https://lingdu_dou.gitee.io/docs/Kafka/KnowStreaming.html#_1澧淇℃
,,,,,,,,,,,,,,,,,,,,,,,2023/6/8 15:39,1s,https://lingdu_dou.gitee.io/docs/Kafka/KnowStreaming.html#_2缂璇
,,,,,,,,,,,,,,,,,,,,,,,2023/6/8 15:39,3s,https://lingdu_dou.gitee.io/docs/Kafka/KnowStreaming.html#_1澧淇℃
,,,,,,,,,,,,,,,,,,,,,,,2023/6/8 15:39,2s,https://lingdu_dou.gitee.io/docs/Kafka/KnowStreaming.html#_2-3绔
,,,,,,,,,,,,,,,,,,,,,,,2023/6/8 15:39,5s,https://lingdu_dou.gitee.io/docs/Kafka/KnowStreaming.html#_2-1-1瀹瑁璇存
,,,,,,,,,,,,,,,,,,,,,,,2023/6/8 15:39,6s,https://lingdu_dou.gitee.io/docs/Kafka/KnowStreaming.html#_2-1-2ㄧ
,,,,,,,,,,,,,,,,,,,,,,,2023/6/8 15:39,2s,https://lingdu_dou.gitee.io/docs/Kafka/KnowStreaming.html#_2-1-4ㄩㄧ
,,,,,,,,,,,,,,,,,,,,,,,2023/6/8 15:40,1s,https://lingdu_dou.gitee.io/docs/Kafka/KnowStreaming.html#_5-1芥舵
,,,,,,,,,,,,,,,,,,,,,,,2023/6/8 15:40,2s,https://lingdu_dou.gitee.io/docs/Kafka/KnowStreaming.html#_2-2绔
,,,,,,,,,,,,,,,,,,,,,,,2023/6/8 15:40,2s,https://lingdu_dou.gitee.io/docs/Kafka/KnowStreaming.html#_2-1-2ㄧ
,,,,,,,,,,,,,,,,,,,,,,,2023/6/8 15:40,2s,https://lingdu_dou.gitee.io/docs/Kafka/KnowStreaming.html#_2-1-4ㄩㄧ
,,,,,,,,,,,,,,,,,,,,,,,2023/6/8 15:40,2s,https://lingdu_dou.gitee.io/docs/Kafka/KnowStreaming.html#_5-0浜у绠浠
,,,,,,,,,,,,,,,,,,,,,,,2023/6/8 15:40,9s,https://lingdu_dou.gitee.io/docs/Kafka/KnowStreaming.html#_5-3甯哥ㄥ
,,,,,,,,,,,,,,,,,,,,,,,2023/6/8 15:40,1s,https://lingdu_dou.gitee.io/docs/Kafka/KnowStreaming.html#_5-3-1ㄦ风＄
,,,,,,,,,,,,,,,,,,,,,,,2023/6/8 15:40,1s,https://lingdu_dou.gitee.io/docs/Kafka/KnowStreaming.html#_5-3-2ュラ缇
,,,,,,,,,,,,,,,,,,,,,,,2023/6/8 15:40,1s,https://lingdu_dou.gitee.io/docs/Kafka/KnowStreaming.html#_5-3-4topic-╁
,,,,,,,,,,,,,,,,,,,,,,,2023/6/8 15:40,1s,https://lingdu_dou.gitee.io/docs/Kafka/KnowStreaming.html#_5-3-3板
,,,,,,,,,,,,,,,,,,,,,,,2023/6/8 15:40,7s,https://lingdu_dou.gitee.io/docs/Kafka/KnowStreaming.html#_5-3-3板
,,,,,,,,,,,,,,,,,,,,,,,2023/6/8 15:40,2s,https://lingdu_dou.gitee.io/docs/Kafka/KnowStreaming.html#_5-4-1诲
,,,,,,,,,,,,,,,,,,,,,,,2023/6/8 15:40,4s,https://lingdu_dou.gitee.io/docs/Kafka/KnowStreaming.html#_5-4-2绯荤绠＄
,,,,,,,,,,,,,,,,,,,,,,,2023/6/8 15:40,1s,https://lingdu_dou.gitee.io/docs/Kafka/KnowStreaming.html#_5-4-3澶缇ょ＄
,,,,,,,,,,,,,,,,,,,,,,,2023/6/8 15:40,1s,https://lingdu_dou.gitee.io/docs/Kafka/KnowStreaming.html#_5-4-5load-rebalance-浼涓
,,,,,,,,,,,,,,,,,,,,,,,2023/6/8 15:40,4s,https://lingdu_dou.gitee.io/docs/Kafka/KnowStreaming.html#_5-4-5load-rebalance-浼涓
,,,,,,,,,,,,,,,,,,,,,,,2023/6/8 15:40,1s,https://lingdu_dou.gitee.io/docs/Kafka/KnowStreaming.html#_5-4-6broker
,,,,,,,,,,,,,,,,,,,,,,,2023/6/8 15:40,1s,https://lingdu_dou.gitee.io/docs/Kafka/KnowStreaming.html#_5-4-7topic
,,,,,,,,,,,,,,,,,,,,,,,2023/6/8 15:40,1s,https://lingdu_dou.gitee.io/docs/Kafka/KnowStreaming.html#_5-4-10security
,,,,,,,,,,,,,,,,,,,,,,,2023/6/8 15:40,3s,https://lingdu_dou.gitee.io/docs/Kafka/KnowStreaming.html#_6-1版ㄦ
,,,,,,,,,,,,,,,,,,,,,,,2023/6/8 15:40,8s,https://lingdu_dou.gitee.io/docs/Kafka/KnowStreaming.html#_5-4-10security
,,,,,,,,,,,,,,,,,,,,,,,2023/6/8 15:40,5s,https://lingdu_dou.gitee.io/docs/Kafka/KnowStreaming.html#_5-4-9testing-浼涓
,,,,,,,,,,,,,,,,,,,,,,,2023/6/8 15:41,1s,https://lingdu_dou.gitee.io/docs/Kafka/KnowStreaming.html#_6-1-2澧瑕姹
,,,,,,,,,,,,,,,,,,,,,,,2023/6/8 15:41,12s,https://lingdu_dou.gitee.io/docs/Kafka/KnowStreaming.html#_6-1-3澧濮
,,,,,,,,,,,,,,,,,,,,,,,2023/6/8 15:41,1s,https://lingdu_dou.gitee.io/docs/Kafka/KnowStreaming.html#_6-1-4板
,,,,,,,,,,,,,,,,,,,,,,,2023/6/8 15:41,19s,https://lingdu_dou.gitee.io/docs/Kafka/KnowStreaming.html#_6-1-5拌块
,,,,,,,,,,,,,,,,,,,,,,,2023/6/8 15:41,1s,https://lingdu_dou.gitee.io/docs/Kafka/KnowStreaming.html#_6-2绾ф
,,,,,,,,,,,,,,,,,,,,,,,2023/6/8 15:41,10s,https://lingdu_dou.gitee.io/docs/Kafka/KnowStreaming.html#绾ц
,,,,,,,,,,,,,,,,,,,,,,,2023/6/8 15:41,5s,https://lingdu_dou.gitee.io/docs/Kafka/KnowStreaming.html#绾ц
,,,,,,,,,,,,,,,,,,,,,,,2023/6/8 15:41,5s,https://lingdu_dou.gitee.io
,,,,,,,,,,,,,,,,,,,,,,,2023/6/8 15:41,2s,https://lingdu_dou.gitee.io/docs/Kafka/KnowStreaming.html#_2-x-绾ц
,,,,,,,,,,,,,,,,,,,,,,,2023/6/8 15:41,1s,https://lingdu_dou.gitee.io/docs/Kafka/KnowStreaming.html#绾ц
,,,,,,,,,,,,,,,,,,,,,,,2023/6/8 15:41,312s,https://lingdu_dou.gitee.io/docs/Kafka/KnowStreaming.html#_1澧淇℃
28,2023/6/8 11:20,广州,直接访问,http://lingdu_dou.gitee.io/docs/Kafka/KnowStreaming.html#_2-1绔骞舵,--,113.109.54.224,1.89E+18,10s,5,http://lingdu_dou.gitee.io/docs/Kafka/KnowStreaming.html#_2-1-4ㄩㄧ,2023/6/8 10:22,新访客,2,macOS,电信,Google Chrome,中文(简体),2560x1440,24-bit,,支持,不支持,2023/6/8 11:20,3s,http://lingdu_dou.gitee.io/docs/Kafka/KnowStreaming.html#_2-1绔骞舵
,,,,,,,,,,,,,,,,,,,,,,,2023/6/8 11:20,2s,http://lingdu_dou.gitee.io/docs/Kafka/KnowStreaming.html#_1澧淇℃
,,,,,,,,,,,,,,,,,,,,,,,2023/6/8 11:20,2s,http://lingdu_dou.gitee.io/docs/Kafka/KnowStreaming.html#_2-1-2ㄧ
,,,,,,,,,,,,,,,,,,,,,,,2023/6/8 11:20,1s,http://lingdu_dou.gitee.io/docs/Kafka/KnowStreaming.html#_2-1-3瀹瑰ㄩㄧ
,,,,,,,,,,,,,,,,,,,,,,,2023/6/8 11:20,2s,http://lingdu_dou.gitee.io/docs/Kafka/KnowStreaming.html#_2-1-4ㄩㄧ
29,2023/6/8 10:22,广州,百度,http://lingdu_dou.gitee.io/lingdu/docs/Kafka/KnowStreaming.html,--,113.109.54.224,1.89E+18,585s,28,http://lingdu_dou.gitee.io/docs/Kafka/KnowStreaming.html#_1澧淇℃,首次访问,新访客,1,macOS,电信,Google Chrome,中文(简体),2560x1440,24-bit,,支持,不支持,2023/6/8 10:22,17s,http://lingdu_dou.gitee.io/docs/Kafka/KnowStreaming.html
,,,,,,,,,,,,,,,,,,,,,,,2023/6/8 10:22,3s,http://lingdu_dou.gitee.io/docs/Kafka/KnowStreaming.html#绾ц
,,,,,,,,,,,,,,,,,,,,,,,2023/6/8 10:22,2s,http://lingdu_dou.gitee.io/docs/Kafka/KnowStreaming.html#_6-1-4板
,,,,,,,,,,,,,,,,,,,,,,,2023/6/8 10:22,8s,http://lingdu_dou.gitee.io/docs/Kafka/KnowStreaming.html#绾ц
,,,,,,,,,,,,,,,,,,,,,,,2023/6/8 10:22,132s,http://lingdu_dou.gitee.io/docs/Kafka/KnowStreaming.html#_5-4-7topic
,,,,,,,,,,,,,,,,,,,,,,,2023/6/8 10:25,24s,http://lingdu_dou.gitee.io/docs/Kafka/KnowStreaming.html#_2-1-3瀹瑰ㄩㄧ
,,,,,,,,,,,,,,,,,,,,,,,2023/6/8 10:25,6s,http://lingdu_dou.gitee.io/docs/Kafka/KnowStreaming.html#_2-1-4ㄩㄧ
,,,,,,,,,,,,,,,,,,,,,,,2023/6/8 10:25,1s,http://lingdu_dou.gitee.io/docs/Kafka/KnowStreaming.html#_5-1芥舵
,,,,,,,,,,,,,,,,,,,,,,,2023/6/8 10:25,1s,http://lingdu_dou.gitee.io/docs/Kafka/KnowStreaming.html#_5-2浣楠璺寰
,,,,,,,,,,,,,,,,,,,,,,,2023/6/8 10:25,2s,http://lingdu_dou.gitee.io/docs/Kafka/KnowStreaming.html#_5-3-2ュラ缇
,,,,,,,,,,,,,,,,,,,,,,,2023/6/8 10:25,1s,http://lingdu_dou.gitee.io/docs/Kafka/KnowStreaming.html#_5-3-3板
,,,,,,,,,,,,,,,,,,,,,,,2023/6/8 10:25,1s,http://lingdu_dou.gitee.io/docs/Kafka/KnowStreaming.html#_5-3-6topic-归杩绉
,,,,,,,,,,,,,,,,,,,,,,,2023/6/8 10:25,1s,http://lingdu_dou.gitee.io/docs/Kafka/KnowStreaming.html#_5-3-7璁剧
,,,,,,,,,,,,,,,,,,,,,,,2023/6/8 10:25,2s,http://lingdu_dou.gitee.io/docs/Kafka/KnowStreaming.html#_5-3-10缃
,,,,,,,,,,,,,,,,,,,,,,,2023/6/8 10:25,2s,http://lingdu_dou.gitee.io/docs/Kafka/KnowStreaming.html#_1澧淇℃
,,,,,,,,,,,,,,,,,,,,,,,2023/6/8 10:25,6s,http://lingdu_dou.gitee.io/docs/Kafka/KnowStreaming.html#_2-3绔
,,,,,,,,,,,,,,,,,,,,,,,2023/6/8 10:25,1s,http://lingdu_dou.gitee.io/docs/Kafka/KnowStreaming.html#_2-1-1瀹瑁璇存
,,,,,,,,,,,,,,,,,,,,,,,2023/6/8 10:25,4s,http://lingdu_dou.gitee.io/docs/Kafka/KnowStreaming.html#_2-1-2ㄧ
,,,,,,,,,,,,,,,,,,,,,,,2023/6/8 10:26,344s,http://lingdu_dou.gitee.io/docs/Kafka/KnowStreaming.html#_2-1-3瀹瑰ㄩㄧ
,,,,,,,,,,,,,,,,,,,,,,,2023/6/8 10:31,2s,http://lingdu_dou.gitee.io/docs/Kafka/KnowStreaming.html#_2-1绔骞舵
,,,,,,,,,,,,,,,,,,,,,,,2023/6/8 10:31,1s,http://lingdu_dou.gitee.io/docs/Kafka/KnowStreaming.html#_2缂璇
,,,,,,,,,,,,,,,,,,,,,,,2023/6/8 10:31,3s,http://lingdu_dou.gitee.io/docs/Kafka/KnowStreaming.html#_1澧淇℃
,,,,,,,,,,,,,,,,,,,,,,,2023/6/8 10:31,1s,http://lingdu_dou.gitee.io/docs/Kafka/KnowStreaming.html#_2缂璇
,,,,,,,,,,,,,,,,,,,,,,,2023/6/8 10:31,20s,http://lingdu_dou.gitee.io/docs/Kafka/KnowStreaming.html#_1澧淇℃
30,2023/6/7 22:33,北京,百度,http://lingdu_dou.gitee.io/lingdu/docs/Kafka/KnowStreaming.html,--,116.255.129.2,1.91E+18,12s,4,http://lingdu_dou.gitee.io/docs/Kafka/KnowStreaming.html#_2-1-3瀹瑰ㄩㄧ,首次访问,新访客,1,Win 10,,Google Chrome,中文(简体),1366x768,24-bit,,支持,不支持,2023/6/7 22:33,4s,http://lingdu_dou.gitee.io/lingdu/docs/Kafka/KnowStreaming.html
,,,,,,,,,,,,,,,,,,,,,,,2023/6/7 22:34,1s,http://lingdu_dou.gitee.io/docs/Kafka/KnowStreaming.html
,,,,,,,,,,,,,,,,,,,,,,,2023/6/7 22:34,4s,http://lingdu_dou.gitee.io/docs/Kafka/KnowStreaming.html#_1澧淇℃
,,,,,,,,,,,,,,,,,,,,,,,2023/6/7 22:34,3s,http://lingdu_dou.gitee.io/docs/Kafka/KnowStreaming.html#_2-1-3瀹瑰ㄩㄧ
31,2023/6/7 22:02,深圳,直接访问,http://lingdu_dou.gitee.io/lingdu/docs/db/#%E7%AE%80%E8%BF%B0%E6%95%B0%E6%8D%AE%E5%BA%93%E4%B8%89%E5%A4%A7%E8%8C%83%E5%BC%8F,--,120.229.26.164,2.09E+18,120s,2,http://lingdu_dou.gitee.io/docs/db/#%E7%AE%80%E8%BF%B0%E6%95%B0%E6%8D%AE%E5%BA%93%E4%B8%89%E5%A4%A7%E8%8C%83%E5%BC%8F,2023/6/7 22:02,老访客,1,Win 10,移动,Google Chrome,中文(简体),1920x1080,24-bit,,支持,不支持,2023/6/7 22:02,120s,http://lingdu_dou.gitee.io/docs/db/#%E7%AE%80%E8%BF%B0%E6%95%B0%E6%8D%AE%E5%BA%93%E4%B8%89%E5%A4%A7%E8%8C%83%E5%BC%8F
32,2023/6/7 21:52,兰州,百度,http://lingdu_dou.gitee.io/lingdu/docs/Kafka/KnowStreaming.html,--,223.104.56.218,2.21E+18,5s,3,http://lingdu_dou.gitee.io/docs/Kafka/KnowStreaming.html#_1澧淇℃,首次访问,新访客,1,Win 10,,Google Chrome,中文(简体),1280x720,24-bit,,支持,不支持,2023/6/7 21:52,2s,http://lingdu_dou.gitee.io/docs/Kafka/KnowStreaming.html
,,,,,,,,,,,,,,,,,,,,,,,2023/6/7 21:52,3s,http://lingdu_dou.gitee.io/docs/Kafka/KnowStreaming.html#_1澧淇℃
33,2023/6/7 18:46,其他,直接访问,http://lingdu_dou.gitee.io/docs/Kafka/KnowStreaming.html,--,27.223.108.4,1.89E+18,14s,5,http://lingdu_dou.gitee.io/docs/Kafka/KnowStreaming.html#_2-1-2ㄧ,2023/6/7 14:59,新访客,3,Win 10,,Microsoft Edge,中文(简体),1920x1080,24-bit,,支持,不支持,2023/6/7 18:46,12s,http://lingdu_dou.gitee.io/docs/Kafka/KnowStreaming.html
,,,,,,,,,,,,,,,,,,,,,,,2023/6/7 18:47,1s,http://lingdu_dou.gitee.io/docs/Kafka/KnowStreaming.html#_2-3绔
,,,,,,,,,,,,,,,,,,,,,,,2023/6/7 18:47,1s,http://lingdu_dou.gitee.io/docs/Kafka/KnowStreaming.html#_2-1-1瀹瑁璇存
,,,,,,,,,,,,,,,,,,,,,,,2023/6/7 18:47,未知,http://lingdu_dou.gitee.io/docs/Kafka/KnowStreaming.html#_2-1-2ㄧ
34,2023/6/7 18:44,北京,直接访问,http://lingdu_dou.gitee.io/lingdu,--,36.159.241.20,1.75E+18,461s,2,http://lingdu_dou.gitee.io,首次访问,新访客,1,Android 13.0,,微信浏览器,中文(简体),,24-bit,,支持,不支持,2023/6/7 18:44,461s,http://lingdu_dou.gitee.io
35,2023/6/7 14:59,台湾,直接访问,http://lingdu_dou.gitee.io/docs/Kafka/KnowStreaming.html,--,103.156.184.185,1.89E+18,120s,1,http://lingdu_dou.gitee.io/docs/Kafka/KnowStreaming.html,首次访问,新访客,1,Win 10,,Microsoft Edge,中文(简体),1920x1080,24-bit,,支持,不支持,2023/6/7 14:59,120s,http://lingdu_dou.gitee.io/docs/Kafka/KnowStreaming.html
36,2023/6/7 14:59,台湾,百度,http://lingdu_dou.gitee.io/lingdu/docs/Kafka/KnowStreaming.html,--,103.156.184.185,1.89E+18,212s,23,http://lingdu_dou.gitee.io/docs/Kafka/KnowStreaming.html#_2-1-2ㄧ,2023/6/7 14:59,新访客,2,Win 10,,Microsoft Edge,中文(简体),1920x1080,24-bit,,支持,不支持,2023/6/7 14:59,16s,http://lingdu_dou.gitee.io/lingdu/docs/Kafka/KnowStreaming.html
,,,,,,,,,,,,,,,,,,,,,,,2023/6/7 15:00,4s,http://lingdu_dou.gitee.io/docs/Kafka/KnowStreaming.html#_2-1洪ㄧ
,,,,,,,,,,,,,,,,,,,,,,,2023/6/7 15:00,5s,http://lingdu_dou.gitee.io/docs/Kafka/KnowStreaming.html#_2-1-1瀹瑁璇存
,,,,,,,,,,,,,,,,,,,,,,,2023/6/7 15:00,12s,http://lingdu_dou.gitee.io/docs/Kafka/KnowStreaming.html#_2-1-2ㄧ
,,,,,,,,,,,,,,,,,,,,,,,2023/6/7 15:00,3s,http://lingdu_dou.gitee.io/docs/Kafka/KnowStreaming.html#_1澧淇℃
,,,,,,,,,,,,,,,,,,,,,,,2023/6/7 15:00,1s,http://lingdu_dou.gitee.io/docs/Kafka/KnowStreaming.html#_2-3绔
,,,,,,,,,,,,,,,,,,,,,,,2023/6/7 15:00,2s,http://lingdu_dou.gitee.io/docs/Kafka/KnowStreaming.html#_2-1洪ㄧ
,,,,,,,,,,,,,,,,,,,,,,,2023/6/7 15:00,12s,http://lingdu_dou.gitee.io/docs/Kafka/KnowStreaming.html#_2-1-2ㄧ
,,,,,,,,,,,,,,,,,,,,,,,2023/6/7 15:00,10s,http://lingdu_dou.gitee.io/docs/Kafka/KnowStreaming.html#_6-1版ㄦ
,,,,,,,,,,,,,,,,,,,,,,,2023/6/7 15:00,1s,http://lingdu_dou.gitee.io/docs/Kafka/KnowStreaming.html#_6-1-2澧瑕姹
,,,,,,,,,,,,,,,,,,,,,,,2023/6/7 15:00,2s,http://lingdu_dou.gitee.io/docs/Kafka/KnowStreaming.html#_6-1-3澧濮
,,,,,,,,,,,,,,,,,,,,,,,2023/6/7 15:00,16s,http://lingdu_dou.gitee.io/docs/Kafka/KnowStreaming.html#_6-1-4板
,,,,,,,,,,,,,,,,,,,,,,,2023/6/7 15:01,6s,http://lingdu_dou.gitee.io/docs/Kafka/KnowStreaming.html#_5-4-9testing-浼涓
,,,,,,,,,,,,,,,,,,,,,,,2023/6/7 15:01,2s,http://lingdu_dou.gitee.io/docs/Kafka/KnowStreaming.html#_5-4-7topic
,,,,,,,,,,,,,,,,,,,,,,,2023/6/7 15:01,1s,http://lingdu_dou.gitee.io/docs/Kafka/KnowStreaming.html#_1澧淇℃
,,,,,,,,,,,,,,,,,,,,,,,2023/6/7 15:01,7s,http://lingdu_dou.gitee.io/docs/Kafka/KnowStreaming.html#_2-1-3瀹瑰ㄩㄧ
,,,,,,,,,,,,,,,,,,,,,,,2023/6/7 15:01,21s,http://lingdu_dou.gitee.io/docs/Kafka/KnowStreaming.html#_2-1洪ㄧ
,,,,,,,,,,,,,,,,,,,,,,,2023/6/7 15:01,7s,http://lingdu_dou.gitee.io/docs/Kafka/KnowStreaming.html#_2-1-1瀹瑁璇存
,,,,,,,,,,,,,,,,,,,,,,,2023/6/7 15:01,3s,http://lingdu_dou.gitee.io/docs/Kafka/KnowStreaming.html#_2-1-2ㄧ
,,,,,,,,,,,,,,,,,,,,,,,2023/6/7 15:01,20s,http://lingdu_dou.gitee.io/docs/Kafka/KnowStreaming.html#_2-1-3瀹瑰ㄩㄧ
,,,,,,,,,,,,,,,,,,,,,,,2023/6/7 15:02,61s,http://lingdu_dou.gitee.io/docs/Kafka/KnowStreaming.html#_2-1洪ㄧ
,,,,,,,,,,,,,,,,,,,,,,,2023/6/7 15:03,未知,http://lingdu_dou.gitee.io/docs/Kafka/KnowStreaming.html#_2-1-2ㄧ
37,2023/6/6 21:51,深圳,直接访问,http://lingdu_dou.gitee.io/docs/Kafka/KnowStreaming.html#_2-3%E3%80%81%E5%90%8E%E7%AB%AF%E5%8D%95%E7%8B%AC%E6%89%93%E5%8C%85,--,120.229.26.9,2.09E+18,681s,21,http://lingdu_dou.gitee.io/docs/db/#绠,首次访问,新访客,1,Win 10,移动,Google Chrome,中文(简体),1920x1080,24-bit,,支持,不支持,2023/6/6 21:51,2s,http://lingdu_dou.gitee.io/docs/Kafka/KnowStreaming.html#_2-3%E3%80%81%E5%90%8E%E7%AB%AF%E5%8D%95%E7%8B%AC%E6%89%93%E5%8C%85
,,,,,,,,,,,,,,,,,,,,,,,2023/6/6 21:51,3s,http://lingdu_dou.gitee.io/docs/Kafka/KnowStreaming.html#_2缂璇
,,,,,,,,,,,,,,,,,,,,,,,2023/6/6 21:51,11s,http://lingdu_dou.gitee.io/docs/Kafka/KnowStreaming.html#_1澧淇℃
,,,,,,,,,,,,,,,,,,,,,,,2023/6/6 21:51,5s,http://lingdu_dou.gitee.io/docs/Kafka/KnowStreaming.html#_1%E3%80%81%E7%8E%AF%E5%A2%83%E4%BF%A1%E6%81%AF
,,,,,,,,,,,,,,,,,,,,,,,2023/6/6 21:51,1s,http://lingdu_dou.gitee.io/docs/boke
,,,,,,,,,,,,,,,,,,,,,,,2023/6/6 21:51,5s,http://lingdu_dou.gitee.io
,,,,,,,,,,,,,,,,,,,,,,,2023/6/6 21:52,4s,http://lingdu_dou.gitee.io/docs/kaifa
,,,,,,,,,,,,,,,,,,,,,,,2023/6/6 21:52,2s,http://lingdu_dou.gitee.io/docs/nacos
,,,,,,,,,,,,,,,,,,,,,,,2023/6/6 21:52,4s,http://lingdu_dou.gitee.io/docs/nacos/#nacos-板
,,,,,,,,,,,,,,,,,,,,,,,2023/6/6 21:52,4s,http://lingdu_dou.gitee.io/docs/nacos/#nacos-
,,,,,,,,,,,,,,,,,,,,,,,2023/6/6 21:52,4s,http://lingdu_dou.gitee.io/docs/nacos/#涓涓姝
,,,,,,,,,,,,,,,,,,,,,,,2023/6/6 21:52,2s,http://lingdu_dou.gitee.io/docs/nacos/#浠
,,,,,,,,,,,,,,,,,,,,,,,2023/6/6 21:52,2s,http://lingdu_dou.gitee.io/docs/db/#绠
,,,,,,,,,,,,,,,,,,,,,,,2023/6/6 21:52,2s,http://lingdu_dou.gitee.io/docs/db/#版搴涓澶涓浜″惰琛戒虹颁涔棰
,,,,,,,,,,,,,,,,,,,,,,,2023/6/6 21:52,598s,http://lingdu_dou.gitee.io/docs/db/#sql浜￠绂荤骇浜
,,,,,,,,,,,,,,,,,,,,,,,2023/6/6 22:02,32s,http://lingdu_dou.gitee.io/docs/db/#绠
38,2023/6/6 14:15,深圳,直接访问,http://lingdu_dou.gitee.io/docs/Kafka/KnowStreaming.html#_2-1-3瀹瑰ㄩㄧ,--,116.7.236.36,1.92E+18,273s,6,http://lingdu_dou.gitee.io/docs/Kafka/KnowStreaming.html,2023/6/6 10:37,新访客,2,Win 10,电信,Google Chrome,中文(简体),1440x900,24-bit,,支持,不支持,2023/6/6 14:15,4s,http://lingdu_dou.gitee.io/docs/Kafka/KnowStreaming.html#_2-1-3瀹瑰ㄩㄧ
,,,,,,,,,,,,,,,,,,,,,,,2023/6/6 14:15,2s,http://lingdu_dou.gitee.io/docs/Kafka/KnowStreaming.html#_2-1-1瀹瑁璇存
,,,,,,,,,,,,,,,,,,,,,,,2023/6/6 14:15,1s,http://lingdu_dou.gitee.io/docs/Kafka/KnowStreaming.html#_2-1洪ㄧ
,,,,,,,,,,,,,,,,,,,,,,,2023/6/6 14:15,221s,http://lingdu_dou.gitee.io/docs/Kafka/KnowStreaming.html#_2-3绔
,,,,,,,,,,,,,,,,,,,,,,,2023/6/6 14:19,45s,http://lingdu_dou.gitee.io/docs/Kafka/KnowStreaming.html
39,2023/6/6 10:37,深圳,直接访问,http://lingdu_dou.gitee.io/docs/Kafka/KnowStreaming.html#_6-1-2澧瑕姹,--,116.7.236.36,1.92E+18,2105s,14,http://lingdu_dou.gitee.io/docs/Kafka/KnowStreaming.html#_2-1-4ㄩㄧ,首次访问,新访客,1,Win 10,电信,Google Chrome,中文(简体),1440x900,24-bit,,支持,不支持,2023/6/6 10:37,6s,http://lingdu_dou.gitee.io/docs/Kafka/KnowStreaming.html#_6-1-2澧瑕姹
,,,,,,,,,,,,,,,,,,,,,,,2023/6/6 10:37,2s,http://lingdu_dou.gitee.io/docs/install_guide/洪ㄧ讲.html
,,,,,,,,,,,,,,,,,,,,,,,2023/6/6 10:37,1s,http://lingdu_dou.gitee.io/docs/Kafka/KnowStreaming.html#_6-1-2%E3%80%81%E7%8E%AF%E5%A2%83%E8%A6%81%E6%B1%82
,,,,,,,,,,,,,,,,,,,,,,,2023/6/6 10:37,3s,http://lingdu_dou.gitee.io/docs/Kafka/KnowStreaming.html#_6-1-4板
,,,,,,,,,,,,,,,,,,,,,,,2023/6/6 10:37,1392s,http://lingdu_dou.gitee.io/docs/Kafka/KnowStreaming.html#_2-1-1瀹瑁璇存
,,,,,,,,,,,,,,,,,,,,,,,2023/6/6 11:00,6s,http://lingdu_dou.gitee.io/docs/Kafka/KnowStreaming.html#_2-3绔
,,,,,,,,,,,,,,,,,,,,,,,2023/6/6 11:00,2s,http://lingdu_dou.gitee.io/docs/Kafka/KnowStreaming.html#_2-1绔骞舵
,,,,,,,,,,,,,,,,,,,,,,,2023/6/6 11:00,10s,http://lingdu_dou.gitee.io/docs/Kafka/KnowStreaming.html#_1澧淇℃
,,,,,,,,,,,,,,,,,,,,,,,2023/6/6 11:00,12s,http://lingdu_dou.gitee.io/docs/Kafka/KnowStreaming.html#_2-1-1瀹瑁璇存
,,,,,,,,,,,,,,,,,,,,,,,2023/6/6 11:01,37s,http://lingdu_dou.gitee.io/docs/Kafka/KnowStreaming.html#_2-1-2ㄧ
,,,,,,,,,,,,,,,,,,,,,,,2023/6/6 11:01,2s,http://lingdu_dou.gitee.io/docs/Kafka/KnowStreaming.html#_5-3-5topic-归╃缉
,,,,,,,,,,,,,,,,,,,,,,,2023/6/6 11:01,1s,http://lingdu_dou.gitee.io/docs/Kafka/KnowStreaming.html#_5-3-1ㄦ风＄
,,,,,,,,,,,,,,,,,,,,,,,2023/6/6 11:01,481s,http://lingdu_dou.gitee.io/docs/Kafka/KnowStreaming.html#_5-3-2ュラ缇
,,,,,,,,,,,,,,,,,,,,,,,2023/6/6 11:09,150s,http://lingdu_dou.gitee.io/docs/Kafka/KnowStreaming.html#_2-1-4ㄩㄧ
40,2023/6/5 17:28,深圳,直接访问,http://lingdu_dou.gitee.io/lingdu/docs/Kafka/KnowStreaming.html,--,116.7.236.36,1.92E+18,42s,7,http://lingdu_dou.gitee.io/docs/Kafka/KnowStreaming.html#_2-1-4ㄩㄧ,首次访问,新访客,1,Win 10,电信,Google Chrome,中文(简体),1440x900,24-bit,,支持,不支持,2023/6/5 17:28,1s,http://lingdu_dou.gitee.io/lingdu/docs/Kafka/KnowStreaming.html
,,,,,,,,,,,,,,,,,,,,,,,2023/6/5 17:28,14s,http://lingdu_dou.gitee.io/docs/Kafka/KnowStreaming.html
,,,,,,,,,,,,,,,,,,,,,,,2023/6/5 17:28,23s,http://lingdu_dou.gitee.io/docs/Kafka/KnowStreaming.html#_2-1-2ㄧ
,,,,,,,,,,,,,,,,,,,,,,,2023/6/5 17:29,4s,http://lingdu_dou.gitee.io/docs/Kafka/KnowStreaming.html#_2-1-3瀹瑰ㄩㄧ
,,,,,,,,,,,,,,,,,,,,,,,2023/6/5 17:29,未知,http://lingdu_dou.gitee.io/docs/Kafka/KnowStreaming.html#_2-1-4ㄩㄧ
41,2023/6/5 13:59,合肥,直接访问,http://lingdu_dou.gitee.io,--,60.166.102.40,2.12E+18,254s,16,http://lingdu_dou.gitee.io/docs/boke/#宓ラ〉,2023/6/5 10:27,老访客,3,Win 10,电信,Google Chrome,中文(简体),,24-bit,,支持,不支持,2023/6/5 13:59,5s,http://lingdu_dou.gitee.io
,,,,,,,,,,,,,,,,,,,,,,,2023/6/5 14:00,3s,http://lingdu_dou.gitee.io
,,,,,,,,,,,,,,,,,,,,,,,2023/6/5 14:00,1s,http://lingdu_dou.gitee.io/lingdu
,,,,,,,,,,,,,,,,,,,,,,,2023/6/5 14:00,68s,http://lingdu_dou.gitee.io
,,,,,,,,,,,,,,,,,,,,,,,2023/6/5 14:00,52s,http://lingdu_dou.gitee.io
,,,,,,,,,,,,,,,,,,,,,,,2023/6/5 14:01,114s,http://lingdu_dou.gitee.io
,,,,,,,,,,,,,,,,,,,,,,,2023/6/5 14:03,50s,http://lingdu_dou.gitee.io
,,,,,,,,,,,,,,,,,,,,,,,2023/6/5 14:03,1s,http://lingdu_dou.gitee.io/docs/boke
,,,,,,,,,,,,,,,,,,,,,,,2023/6/5 14:03,2s,http://lingdu_dou.gitee.io
,,,,,,,,,,,,,,,,,,,,,,,2023/6/5 14:03,10s,http://lingdu_dou.gitee.io/docs/boke/#宓ラ〉
42,2023/6/5 10:27,合肥,http://localhost:8080,http://lingdu_dou.gitee.io/lingdu,--,60.166.102.40,2.12E+18,160s,5,http://lingdu_dou.gitee.io,2023/6/5 9:35,老访客,2,Win 10,电信,Google Chrome,中文(简体),,24-bit,,支持,不支持,2023/6/5 10:27,1s,http://lingdu_dou.gitee.io/lingdu
,,,,,,,,,,,,,,,,,,,,,,,2023/6/5 10:27,7s,http://lingdu_dou.gitee.io
,,,,,,,,,,,,,,,,,,,,,,,2023/6/5 10:28,107s,http://lingdu_dou.gitee.io
,,,,,,,,,,,,,,,,,,,,,,,2023/6/5 10:29,44s,http://lingdu_dou.gitee.io
43,2023/6/5 9:35,合肥,直接访问,http://lingdu_dou.gitee.io,--,60.166.102.40,2.12E+18,1875s,3,http://lingdu_dou.gitee.io,2023/6/3 19:43,老访客,1,Win 10,电信,Google Chrome,中文(简体),,24-bit,,支持,不支持,2023/6/5 9:35,1406s,http://lingdu_dou.gitee.io
,,,,,,,,,,,,,,,,,,,,,,,2023/6/5 9:58,469s,http://lingdu_dou.gitee.io
44,2023/6/5 5:00,常州,直接访问,http://lingdu_dou.gitee.io/docs/java,--,220.196.160.84,2.11E+18,120s,2,http://lingdu_dou.gitee.io/docs/java,首次访问,新访客,1,其他,联通,Google Chrome,中文(简体),1280x800,24-bit,,支持,不支持,2023/6/5 5:00,120s,http://lingdu_dou.gitee.io/docs/java
45,2023/6/3 19:43,合肥,直接访问,http://lingdu_dou.gitee.io/lingdu,--,60.166.102.40,2.12E+18,120s,2,http://lingdu_dou.gitee.io,2023/6/3 19:43,老访客,1,Win 10,电信,Google Chrome,中文(简体),,24-bit,,支持,不支持,2023/6/3 19:43,120s,http://lingdu_dou.gitee.io
46,2023/6/2 15:04,合肥,直接访问,http://lingdu_dou.gitee.io,--,60.166.104.192,2.12E+18,4s,2,http://lingdu_dou.gitee.io,2023/6/2 9:07,老访客,3,Win 10,电信,Google Chrome,中文(简体),,24-bit,,支持,不支持,2023/6/2 15:04,4s,http://lingdu_dou.gitee.io
47,2023/6/2 9:07,合肥,直接访问,http://lingdu_dou.gitee.io,--,60.166.104.192,2.12E+18,5s,4,http://lingdu_dou.gitee.io,2023/6/2 8:28,老访客,2,Win 10,电信,Google Chrome,中文(简体),,24-bit,,支持,不支持,2023/6/2 9:07,3s,http://lingdu_dou.gitee.io
,,,,,,,,,,,,,,,,,,,,,,,2023/6/2 9:08,2s,http://lingdu_dou.gitee.io
48,2023/6/2 8:28,合肥,直接访问,http://lingdu_dou.gitee.io,--,60.166.104.192,2.12E+18,4s,1,http://lingdu_dou.gitee.io,2023/6/2 8:28,老访客,1,Win 10,电信,Google Chrome,中文(简体),,24-bit,,支持,不支持,2023/6/2 8:28,4s,http://lingdu_dou.gitee.io
